{
  "type": "FeatureCollection",
  "generator": "overpass-turbo",
  "copyright": "The data included in this document is from www.openstreetmap.org. The data is made available under ODbL.",
  "timestamp": "2026-09-22T08:45:51Z",
  "features": [
    {
      "type": "Feature",
      "properties": {
        "@id": "relation/5525018",
        "building": "yes",
        "name": "Accommodation on Bell",
        "source": "information",
        "tourism": "hostel",
        "type": "multipolygon",
        "@geometry": "center"
      },
      "geometry": {
        "type": "Point",
        "coordinates": [
          174.0908889,
          -39.0609151
        ]
      },
      "id": "relation/5525018"
    },
    {
      "type": "Feature",
      "properties": {
        "@id": "relation/5525019",
        "building": "yes",
        "tourism": "hostel",
        "type": "multipolygon",
        "@geometry": "center"
      },
      "geometry": {
        "type": "Point",
        "coordinates": [
          174.0914603,
          -39.0609382
        ]
      },
      "id": "relation/5525019"
    },
    {
      "type": "Feature",
      "properties": {
        "@id": "relation/12686917",
        "addr:city": "Christchurch",
        "addr:country": "NZ",
        "addr:housenumber": "2",
        "addr:postcode": "8041",
        "addr:street": "Homestead Lane",
        "guest_house": "student_accommodation",
        "name": "Ilam Apartments",
        "operator": "Campus Living Villages",
        "tourism": "hostel",
        "type": "multipolygon",
        "wheelchair": "limited",
        "@geometry": "center"
      },
      "geometry": {
        "type": "Point",
        "coordinates": [
          172.5755448,
          -43.5255546
        ]
      },
      "id": "relation/12686917"
    },
    {
      "type": "Feature",
      "properties": {
        "@id": "relation/16103362",
        "building": "yes",
        "name": "Raglan Backpackers",
        "smoking": "outside",
        "tourism": "hostel",
        "type": "multipolygon",
        "@geometry": "center"
      },
      "geometry": {
        "type": "Point",
        "coordinates": [
          174.8679412,
          -37.8009212
        ]
      },
      "id": "relation/16103362"
    },
    {
      "type": "Feature",
      "properties": {
        "@id": "relation/19355715",
        "building": "yes",
        "tourism": "hostel",
        "type": "multipolygon",
        "@geometry": "center"
      },
      "geometry": {
        "type": "Point",
        "coordinates": [
          174.0947789,
          -35.2861543
        ]
      },
      "id": "relation/19355715"
    },
    {
      "type": "Feature",
      "properties": {
        "@id": "way/90686136",
        "building": "yes",
        "name": "Forest Lodge",
        "tourism": "hostel",
        "@geometry": "center"
      },
      "geometry": {
        "type": "Point",
        "coordinates": [
          171.6861735,
          -43.1734584
        ]
      },
      "id": "way/90686136"
    },
    {
      "type": "Feature",
      "properties": {
        "@id": "way/97077486",
        "building": "school",
        "name": "Br. Leonard House",
        "tourism": "hostel",
        "@geometry": "center"
      },
      "geometry": {
        "type": "Point",
        "coordinates": [
          174.8726301,
          -36.8683567
        ]
      },
      "id": "way/97077486"
    },
    {
      "type": "Feature",
      "properties": {
        "@id": "way/101079271",
        "addr:city": "Christchurch",
        "addr:country": "NZ",
        "addr:housenumber": "5",
        "addr:postcode": "8013",
        "addr:street": "Worcester Boulevard",
        "addr:suburb": "Christchurch Central",
        "building": "yes",
        "name": "YHA Rolleston House",
        "operator": "YHA",
        "tourism": "hostel",
        "@geometry": "center"
      },
      "geometry": {
        "type": "Point",
        "coordinates": [
          172.6280715,
          -43.5307566
        ]
      },
      "id": "way/101079271"
    },
    {
      "type": "Feature",
      "properties": {
        "@id": "way/101123064",
        "addr:city": "Christchurch",
        "addr:country": "NZ",
        "addr:housenumber": "273",
        "addr:postcode": "8011",
        "addr:street": "Manchester Street",
        "addr:suburb": "Christchurch Central",
        "building": "yes",
        "check_date": "2025-10-13",
        "height": "16.6",
        "name": "Urbanz Accommodation Christchurch",
        "ref:linz:address_id": "228137",
        "roof:colour": "#60685B",
        "roof:shape": "hipped",
        "tourism": "hostel",
        "website": "https://urbanz.net.nz/",
        "wheelchair": "no",
        "wikidata": "Q76759117",
        "@geometry": "center"
      },
      "geometry": {
        "type": "Point",
        "coordinates": [
          172.639219,
          -43.529325
        ]
      },
      "id": "way/101123064"
    },
    {
      "type": "Feature",
      "properties": {
        "@id": "way/101186829",
        "addr:city": "Christchurch",
        "addr:country": "NZ",
        "addr:housenumber": "36",
        "addr:postcode": "8013",
        "addr:street": "Hereford Street",
        "addr:suburb": "Christchurch Central",
        "building": "yes",
        "contact:phone": "+64 3 740 1445",
        "contact:website": "https://hakahouse.com/christchurch/",
        "internet_access": "wlan",
        "name": "Haka House Christchurch",
        "ref:linz:address_id": "220058",
        "source": "survey",
        "tourism": "hostel",
        "@geometry": "center"
      },
      "geometry": {
        "type": "Point",
        "coordinates": [
          172.6298542,
          -43.5323423
        ]
      },
      "id": "way/101186829"
    },
    {
      "type": "Feature",
      "properties": {
        "@id": "way/101460764",
        "addr:city": "Christchurch",
        "addr:country": "NZ",
        "addr:housenumber": "314",
        "addr:postcode": "8011",
        "addr:street": "Barbadoes Street",
        "addr:suburb": "Christchurch Central",
        "building": "yes",
        "name": "Around The World Backpackers",
        "ref:linz:address_id": "236792",
        "tourism": "hostel",
        "website": "https://aroundtheworld.co.nz/",
        "wikidata": "Q111117331",
        "@geometry": "center"
      },
      "geometry": {
        "type": "Point",
        "coordinates": [
          172.6460165,
          -43.5292757
        ]
      },
      "id": "way/101460764"
    },
    {
      "type": "Feature",
      "properties": {
        "@id": "way/101543609",
        "building": "yes",
        "name": "Rucksacker Hostel BBH",
        "source": "Bing, Mar/2008",
        "tourism": "hostel",
        "@geometry": "center"
      },
      "geometry": {
        "type": "Point",
        "coordinates": [
          172.6317863,
          -43.5212176
        ]
      },
      "id": "way/101543609"
    },
    {
      "type": "Feature",
      "properties": {
        "@id": "way/101753032",
        "addr:city": "Christchurch",
        "addr:country": "NZ",
        "addr:housenumber": "148",
        "addr:postcode": "8011",
        "addr:street": "Chester Street East",
        "addr:suburb": "Christchurch Central",
        "building": "yes",
        "check_date": "2026-02-14",
        "name": "Chester Street Backpackers",
        "ref:linz:address_id": "236360",
        "source": "Bing, Mar/2008",
        "tourism": "hostel",
        "website": "https://www.chesterst.co.nz/",
        "@geometry": "center"
      },
      "geometry": {
        "type": "Point",
        "coordinates": [
          172.6468473,
          -43.5279134
        ]
      },
      "id": "way/101753032"
    },
    {
      "type": "Feature",
      "properties": {
        "@id": "way/101784314",
        "addr:city": "Christchurch",
        "addr:country": "NZ",
        "addr:housenumber": "69",
        "addr:postcode": "8013",
        "addr:street": "Bealey Avenue",
        "addr:suburb": "Christchurch Central",
        "building": "yes",
        "name": "Kiwi Basecamp",
        "ref:linz:address_id": "219697",
        "tourism": "hostel",
        "wikidata": "Q111117330",
        "@geometry": "center"
      },
      "geometry": {
        "type": "Point",
        "coordinates": [
          172.6299312,
          -43.5205964
        ]
      },
      "id": "way/101784314"
    },
    {
      "type": "Feature",
      "properties": {
        "@id": "way/102819426",
        "addr:city": "Christchurch",
        "addr:country": "NZ",
        "addr:housenumber": "373",
        "addr:postcode": "8011",
        "addr:street": "Gloucester Street",
        "addr:suburb": "Linwood",
        "alt_name": "KiwiHouse",
        "building": "yes",
        "name": "Kiwi House",
        "phone": "+64 3 377 9287",
        "ref:linz:address_id": "236979",
        "source": "Bing, 2008-03",
        "tourism": "hostel",
        "website": "https://kiwihouse.co.nz/",
        "@geometry": "center"
      },
      "geometry": {
        "type": "Point",
        "coordinates": [
          172.6529044,
          -43.5294263
        ]
      },
      "id": "way/102819426"
    },
    {
      "type": "Feature",
      "properties": {
        "@id": "way/102891278",
        "addr:city": "Christchurch",
        "addr:country": "NZ",
        "addr:housenumber": "357",
        "addr:postcode": "8011",
        "addr:street": "Hereford Street",
        "addr:suburb": "Linwood",
        "alt_name": "Small KiwiHouse",
        "building": "yes",
        "name": "Small Kiwi House",
        "ref:linz:address_id": "236926",
        "tourism": "hostel",
        "@geometry": "center"
      },
      "geometry": {
        "type": "Point",
        "coordinates": [
          172.6524657,
          -43.5316838
        ]
      },
      "id": "way/102891278"
    },
    {
      "type": "Feature",
      "properties": {
        "@id": "way/102958009",
        "building": "yes",
        "name": "Deep Cove Hostel",
        "tourism": "hostel",
        "@geometry": "center"
      },
      "geometry": {
        "type": "Point",
        "coordinates": [
          167.1540617,
          -45.4637228
        ]
      },
      "id": "way/102958009"
    },
    {
      "type": "Feature",
      "properties": {
        "@id": "way/130854953",
        "building": "yes",
        "name": "Snowline Lodge",
        "source": "Bing",
        "tourism": "hostel",
        "@geometry": "center"
      },
      "geometry": {
        "type": "Point",
        "coordinates": [
          171.6690675,
          -43.1573389
        ]
      },
      "id": "way/130854953"
    },
    {
      "type": "Feature",
      "properties": {
        "@id": "way/130944489",
        "building": "yes",
        "name": "Koroheke Lodge",
        "source": "Bing",
        "tourism": "hostel",
        "@geometry": "center"
      },
      "geometry": {
        "type": "Point",
        "coordinates": [
          171.7069305,
          -43.1152116
        ]
      },
      "id": "way/130944489"
    },
    {
      "type": "Feature",
      "properties": {
        "@id": "way/130944491",
        "building": "yes",
        "name": "Matuhi Lodge",
        "source": "Bing",
        "tourism": "hostel",
        "@geometry": "center"
      },
      "geometry": {
        "type": "Point",
        "coordinates": [
          171.7075336,
          -43.1154926
        ]
      },
      "id": "way/130944491"
    },
    {
      "type": "Feature",
      "properties": {
        "@id": "way/134107387",
        "building": "yes",
        "name": "Edinburgh Student Hostel",
        "tourism": "hostel",
        "@geometry": "center"
      },
      "geometry": {
        "type": "Point",
        "coordinates": [
          174.7892234,
          -36.8551949
        ]
      },
      "id": "way/134107387"
    },
    {
      "type": "Feature",
      "properties": {
        "@id": "way/136277275",
        "air_conditioning": "yes",
        "building": "yes",
        "internet_access": "yes",
        "internet_access:fee": "no",
        "name": "The Nunnery",
        "tourism": "hostel",
        "website": "https://nunnery.com.au/",
        "wheelchair": "yes",
        "@geometry": "center"
      },
      "geometry": {
        "type": "Point",
        "coordinates": [
          175.7115358,
          -37.540214
        ]
      },
      "id": "way/136277275"
    },
    {
      "type": "Feature",
      "properties": {
        "@id": "way/136940749",
        "name": "The Backyard Inn",
        "tents": "yes",
        "tourism": "hostel",
        "@geometry": "center"
      },
      "geometry": {
        "type": "Point",
        "coordinates": [
          176.240589,
          -38.1339375
        ]
      },
      "id": "way/136940749"
    },
    {
      "type": "Feature",
      "properties": {
        "@id": "way/147113581",
        "addr:housenumber": "128",
        "addr:street": "Anzac Avenue",
        "addr:suburb": "Auckland Central",
        "brand": "University of Auckland",
        "brand:wikidata": "Q492467",
        "building": "yes",
        "building:levels": "21",
        "guest_house": "student_accommodation",
        "name": "Te Tirohanga o te Tōangaroa",
        "name:mi": "Te Tirohanga o te Tōangaroa",
        "operator": "UniLodge",
        "operator:wikidata": "Q114773165",
        "ref": "818",
        "ref:linz:address_id": "2201291",
        "short_name": "Te Tirohanga",
        "start_date": "2020",
        "tourism": "hostel",
        "@geometry": "center"
      },
      "geometry": {
        "type": "Point",
        "coordinates": [
          174.7740176,
          -36.8490679
        ]
      },
      "id": "way/147113581"
    },
    {
      "type": "Feature",
      "properties": {
        "@id": "way/147113583",
        "addr:city": "Auckland",
        "addr:housenumber": "133",
        "addr:postcode": "1010",
        "addr:street": "Beach Road",
        "addr:suburb": "Auckland Central",
        "brand": "University of Auckland",
        "brand:wikidata": "Q492467",
        "building": "yes",
        "building:flats": "175",
        "guest_house": "student_accommodation",
        "name": "UniLodge Beach",
        "operator": "UniLodge",
        "operator:wikidata": "Q114773165",
        "ref": "814",
        "ref:linz:address_id": "1132032",
        "tourism": "hostel",
        "website": "https://www.unilodge.com.au/student-accommodation-auckland/auckland",
        "wheelchair": "yes",
        "@geometry": "center"
      },
      "geometry": {
        "type": "Point",
        "coordinates": [
          174.7742238,
          -36.8492716
        ]
      },
      "id": "way/147113583"
    },
    {
      "type": "Feature",
      "properties": {
        "@id": "way/153885659",
        "addr:housenumber": "59",
        "addr:postcode": "7010",
        "addr:street": "Rutherford Street",
        "addr:suburb": "Nelson",
        "building": "yes",
        "building:levels": "2",
        "capacity": "97",
        "check_date": "2026-06-07",
        "check_date:opening_hours": "2026-06-07",
        "contact:facebook": "Accentsonthepark",
        "email": "stay@yhanelson.nz",
        "guest_house": "hostel",
        "internet_access": "wlan",
        "name": "YHA Nelson by Accents",
        "opening_hours": "Mo-Su 08:30-20:30",
        "phone": "+64 3 545 9988",
        "ref:linz:address_id": "316457",
        "rooms": "26",
        "tourism": "hostel",
        "website": "https://yha.co.nz/hostels/south-island-hostels/yha-nelson/",
        "wikidata": "Q111117364",
        "@geometry": "center"
      },
      "geometry": {
        "type": "Point",
        "coordinates": [
          173.2812816,
          -41.2732616
        ]
      },
      "id": "way/153885659"
    },
    {
      "type": "Feature",
      "properties": {
        "@id": "way/162814676",
        "addr:housenumber": "1",
        "addr:street": "Turner Street",
        "addr:suburb": "Auckland Central",
        "building": "yes",
        "building:levels": "3",
        "email": "aucklandcity@hakahouse.com",
        "internet_access": "wlan",
        "name": "Haka House Hostel Auckland City",
        "ref:linz:address_id": "1123928",
        "tourism": "hostel",
        "website": "https://hakahouse.com/auckland-city/",
        "@geometry": "center"
      },
      "geometry": {
        "type": "Point",
        "coordinates": [
          174.7632965,
          -36.8557323
        ]
      },
      "id": "way/162814676"
    },
    {
      "type": "Feature",
      "properties": {
        "@id": "way/162814887",
        "building": "yes",
        "check_date": "2025-10-12",
        "check_date:internet_access": "2025-10-12",
        "internet_access": "wlan",
        "name": "United Auckland",
        "tourism": "hostel",
        "@geometry": "center"
      },
      "geometry": {
        "type": "Point",
        "coordinates": [
          174.7627673,
          -36.8568841
        ]
      },
      "id": "way/162814887"
    },
    {
      "type": "Feature",
      "properties": {
        "@id": "way/164425498",
        "building": "yes",
        "tourism": "hostel",
        "@geometry": "center"
      },
      "geometry": {
        "type": "Point",
        "coordinates": [
          175.6512613,
          -40.9512626
        ]
      },
      "id": "way/164425498"
    },
    {
      "type": "Feature",
      "properties": {
        "@id": "way/164548272",
        "building": "yes",
        "tourism": "hostel",
        "@geometry": "center"
      },
      "geometry": {
        "type": "Point",
        "coordinates": [
          175.6509449,
          -40.9516638
        ]
      },
      "id": "way/164548272"
    },
    {
      "type": "Feature",
      "properties": {
        "@id": "way/164548274",
        "building": "yes",
        "tourism": "hostel",
        "@geometry": "center"
      },
      "geometry": {
        "type": "Point",
        "coordinates": [
          175.6511095,
          -40.9518934
        ]
      },
      "id": "way/164548274"
    },
    {
      "type": "Feature",
      "properties": {
        "@id": "way/164548275",
        "building": "yes",
        "tourism": "hostel",
        "@geometry": "center"
      },
      "geometry": {
        "type": "Point",
        "coordinates": [
          175.6514824,
          -40.9513266
        ]
      },
      "id": "way/164548275"
    },
    {
      "type": "Feature",
      "properties": {
        "@id": "way/171058586",
        "building": "yes",
        "name": "Lake Hawea Hostel",
        "phone": "+64 3 443 1224",
        "tourism": "hostel",
        "website": "http://lakehaweahostel.co.nz",
        "@geometry": "center"
      },
      "geometry": {
        "type": "Point",
        "coordinates": [
          169.2533472,
          -44.6094789
        ]
      },
      "id": "way/171058586"
    },
    {
      "type": "Feature",
      "properties": {
        "@id": "way/185671318",
        "addr:city": "Wellington",
        "addr:country": "NZ",
        "addr:housenumber": "19",
        "addr:place": "Karori",
        "addr:postcode": "6012",
        "addr:street": "Blakey Avenue",
        "addr:suburb": "Karori",
        "designation": "Victoria University Hall",
        "name": "Helen Lowry Hall",
        "ref:linz:address_id": "345691",
        "tourism": "hostel",
        "website": "http://www.helenlowryhall.org.nz/",
        "@geometry": "center"
      },
      "geometry": {
        "type": "Point",
        "coordinates": [
          174.7327477,
          -41.2867497
        ]
      },
      "id": "way/185671318"
    },
    {
      "type": "Feature",
      "properties": {
        "@id": "way/200992712",
        "building": "yes",
        "building:levels": "2",
        "internet_access": "wlan",
        "internet_access:fee": "no",
        "internet_access:operator": "Zenbu",
        "name": "Jailhouse Accommodation",
        "phone": "+64 3 982 7777",
        "source": "http://jail.co.nz/",
        "tourism": "hostel",
        "website": "https://jail.co.nz/",
        "wikidata": "Q111117328",
        "@geometry": "center"
      },
      "geometry": {
        "type": "Point",
        "coordinates": [
          172.6142656,
          -43.5435571
        ]
      },
      "id": "way/200992712"
    },
    {
      "type": "Feature",
      "properties": {
        "@id": "way/205899294",
        "building": "yes",
        "contact:city": "Christchurch",
        "contact:country": "NZ",
        "contact:email": "info@boyle.org.nz",
        "contact:facebook": "boyleriveroutdoors",
        "contact:housename": "Private Bag",
        "contact:housenumber": "55002",
        "contact:instagram": "boyle_river_outdoors",
        "contact:phone": "+64 3 315 7082",
        "contact:postcode": "8154",
        "contact:street": "Orchard Road",
        "contact:website": "https://boyle.org.nz",
        "contact:youtube": "https://youtube.com/channel/UCzq6Vy4IxAedqOCW6IYFZaQ",
        "name": "Boyle River Outdoor Education Centre",
        "opening_hours": "Mo-Th 09:00-17:00; Fr-Su 09:00-15:00",
        "parcel": "yes",
        "tourism": "hostel",
        "@geometry": "center"
      },
      "geometry": {
        "type": "Point",
        "coordinates": [
          172.3843692,
          -42.5170298
        ]
      },
      "id": "way/205899294"
    },
    {
      "type": "Feature",
      "properties": {
        "@id": "way/207280740",
        "addr:hamlet": "Peel Forest",
        "addr:housenumber": "53",
        "addr:street": "Waikari Road",
        "building": "yes",
        "name": "Rangitata Rafts",
        "ref:linz:address_id": "127771",
        "ref:linz:building_id": "1392314",
        "source": "esri/LINZ_NZ_Buildings",
        "tourism": "hostel",
        "@geometry": "center"
      },
      "geometry": {
        "type": "Point",
        "coordinates": [
          171.2321032,
          -43.7957578
        ]
      },
      "id": "way/207280740"
    },
    {
      "type": "Feature",
      "properties": {
        "@id": "way/208505087",
        "name": "sleeping giants",
        "source": "local knowledge",
        "tourism": "hostel",
        "@geometry": "center"
      },
      "geometry": {
        "type": "Point",
        "coordinates": [
          176.8317275,
          -39.6326468
        ]
      },
      "id": "way/208505087"
    },
    {
      "type": "Feature",
      "properties": {
        "@id": "way/214768195",
        "name": "A Plus Lodge",
        "tents": "yes",
        "tourism": "hostel",
        "@geometry": "center"
      },
      "geometry": {
        "type": "Point",
        "coordinates": [
          175.7991569,
          -38.9864317
        ]
      },
      "id": "way/214768195"
    },
    {
      "type": "Feature",
      "properties": {
        "@id": "way/215633994",
        "tourism": "hostel",
        "@geometry": "center"
      },
      "geometry": {
        "type": "Point",
        "coordinates": [
          169.7171606,
          -46.4734043
        ]
      },
      "id": "way/215633994"
    },
    {
      "type": "Feature",
      "properties": {
        "@id": "way/218868164",
        "addr:city": "Balclutha",
        "addr:housenumber": "36",
        "addr:postcode": "9230",
        "addr:street": "Hospital Road",
        "name": "Cedar Tree Lodge",
        "tourism": "hostel",
        "@geometry": "center"
      },
      "geometry": {
        "type": "Point",
        "coordinates": [
          169.7179756,
          -46.2398162
        ]
      },
      "id": "way/218868164"
    },
    {
      "type": "Feature",
      "properties": {
        "@id": "way/221685316",
        "addr:housenumber": "11",
        "addr:street": "Shakespeare Road",
        "building": "yes",
        "building:architecture": "art_deco",
        "guest_house": "hostel",
        "internet_access": "wlan",
        "name": "Crashpalace Napier",
        "not:name": "Toad Hall Backpackers",
        "tourism": "hostel",
        "wikidata": "Q112010386",
        "@geometry": "center"
      },
      "geometry": {
        "type": "Point",
        "coordinates": [
          176.9169098,
          -39.4878484
        ]
      },
      "id": "way/221685316"
    },
    {
      "type": "Feature",
      "properties": {
        "@id": "way/221685323",
        "addr:housenumber": "14",
        "addr:street": "Herschell Street",
        "addr:suburb": "Napier South",
        "building": "yes",
        "check_date": "2025-03-01",
        "internet_access": "wlan",
        "internet_access:fee": "no",
        "name": "Archie's Bunker",
        "ref:linz:address_id": "635107",
        "smoking": "isolated",
        "tourism": "hostel",
        "website": "https://www.archiesbunker.co.nz/",
        "wikidata": "Q111117195",
        "@geometry": "center"
      },
      "geometry": {
        "type": "Point",
        "coordinates": [
          176.9183959,
          -39.4886977
        ]
      },
      "id": "way/221685323"
    },
    {
      "type": "Feature",
      "properties": {
        "@id": "way/222869561",
        "building": "yes",
        "name": "Scotlands New Plymouth Girls' High School Hostel",
        "tourism": "hostel",
        "@geometry": "center"
      },
      "geometry": {
        "type": "Point",
        "coordinates": [
          174.0952487,
          -39.0575301
        ]
      },
      "id": "way/222869561"
    },
    {
      "type": "Feature",
      "properties": {
        "@id": "way/228641611",
        "addr:city": "Stewart Island",
        "addr:housenumber": "15",
        "addr:street": "Whipp Place",
        "addr:suburb": "Halfmoon Bay / Oban",
        "building": "yes",
        "name": "Hilltop Backpacker",
        "ref:linz:address_id": "82507",
        "tourism": "hostel",
        "@geometry": "center"
      },
      "geometry": {
        "type": "Point",
        "coordinates": [
          168.1212018,
          -46.8995545
        ]
      },
      "id": "way/228641611"
    },
    {
      "type": "Feature",
      "properties": {
        "@id": "way/228813930",
        "building": "hotel",
        "building:levels": "2",
        "internet_access": "wlan",
        "internet_access:fee": "no",
        "name": "Haka House",
        "tourism": "hostel",
        "@geometry": "center"
      },
      "geometry": {
        "type": "Point",
        "coordinates": [
          170.1839321,
          -43.3899906
        ]
      },
      "id": "way/228813930"
    },
    {
      "type": "Feature",
      "properties": {
        "@id": "way/239038143",
        "addr:city": "Greymouth",
        "addr:country": "NZ",
        "addr:housenumber": "43",
        "addr:postcode": "7840",
        "addr:street": "Gresson Street",
        "addr:suburb": "Greymouth",
        "building": "yes",
        "internet_access": "wlan",
        "internet_access:fee": "no",
        "name": "Neptun Backpackers",
        "ref:linz:address_id": "324942",
        "ref:nz:heritage": "1697",
        "tourism": "hostel",
        "wheelchair": "no",
        "wikidata": "Q79301650",
        "@geometry": "center"
      },
      "geometry": {
        "type": "Point",
        "coordinates": [
          171.2044901,
          -42.4475915
        ]
      },
      "id": "way/239038143"
    },
    {
      "type": "Feature",
      "properties": {
        "@id": "way/240337596",
        "addr:city": "Akaroa",
        "addr:country": "NZ",
        "addr:housenumber": "50",
        "addr:postcode": "7520",
        "addr:street": "Rue Lavaud",
        "addr:suburb": "Akaroa",
        "building": "retail",
        "building:levels": "2",
        "name": "Chez la mer",
        "ref:linz:address_id": "290323",
        "ref:nz:heritage": "7155",
        "tourism": "hostel",
        "website": "http://www.bbh.co.nz/hd173/Chez-La-Mer-Backpackers-in-Akaroa-New-Zealand.html",
        "wikidata": "Q77289698",
        "@geometry": "center"
      },
      "geometry": {
        "type": "Point",
        "coordinates": [
          172.9679736,
          -43.8037569
        ]
      },
      "id": "way/240337596"
    },
    {
      "type": "Feature",
      "properties": {
        "@id": "way/243598907",
        "addr:city": "Hamilton",
        "addr:housenumber": "846",
        "addr:postcode": "3204",
        "addr:street": "Victoria Street",
        "addr:suburb": "Hamilton Central",
        "building": "yes",
        "name": "Backpackers Central",
        "ref:linz:address_id": "682068",
        "tourism": "hostel",
        "website": "https://www.backpackerscentral.co.nz/",
        "wikidata": "Q111117405",
        "@geometry": "center"
      },
      "geometry": {
        "type": "Point",
        "coordinates": [
          175.2775855,
          -37.7808406
        ]
      },
      "id": "way/243598907"
    },
    {
      "type": "Feature",
      "properties": {
        "@id": "way/246149683",
        "addr:city": "Queenstown",
        "addr:housenumber": "13",
        "addr:street": "Frankton Road",
        "building": "yes",
        "contact:website": "http://www.blacksheepbackpackers.co.nz/",
        "internet_access": "wlan",
        "name": "The Black Sheep Back Packers",
        "source": "bing; survey",
        "tourism": "hostel",
        "@geometry": "center"
      },
      "geometry": {
        "type": "Point",
        "coordinates": [
          168.6650239,
          -45.0344714
        ]
      },
      "id": "way/246149683"
    },
    {
      "type": "Feature",
      "properties": {
        "@id": "way/254754567",
        "addr:city": "Wellington",
        "addr:housenumber": "152",
        "addr:street": "Taranaki Street",
        "addr:suburb": "Te Aro",
        "building": "yes",
        "building:levels": "4",
        "check_date": "2024-12-31",
        "internet_access": "wlan",
        "internet_access:fee": "yes",
        "name": "Lodge in the City",
        "phone": "+64 4 385 8560",
        "ref:linz:address_id": "364959",
        "tourism": "hostel",
        "website": "https://www.lodgeinthecity.co.nz/",
        "@geometry": "center"
      },
      "geometry": {
        "type": "Point",
        "coordinates": [
          174.7766751,
          -41.295691
        ]
      },
      "id": "way/254754567"
    },
    {
      "type": "Feature",
      "properties": {
        "@id": "way/256618230",
        "building": "yes",
        "internet_access": "wlan",
        "name": "Noah's Ark Backpackers",
        "tourism": "hostel",
        "@geometry": "center"
      },
      "geometry": {
        "type": "Point",
        "coordinates": [
          171.2122394,
          -42.4507818
        ]
      },
      "id": "way/256618230"
    },
    {
      "type": "Feature",
      "properties": {
        "@id": "way/257091902",
        "building": "yes",
        "name": "YHA Anakiwa Lodge",
        "tourism": "hostel",
        "@geometry": "center"
      },
      "geometry": {
        "type": "Point",
        "coordinates": [
          173.9162118,
          -41.2628532
        ]
      },
      "id": "way/257091902"
    },
    {
      "type": "Feature",
      "properties": {
        "@id": "way/257680443",
        "addr:city": "Wellington",
        "addr:housenumber": "115",
        "addr:postcode": "6011",
        "addr:street": "Brougham Street",
        "addr:suburb": "Mount Victoria",
        "building": "yes",
        "building:levels": "2",
        "name": "Rowena's Lodge Backpackers",
        "phone": "+64 4 385 7872",
        "ref:linz:address_id": "364773",
        "tents": "yes",
        "tourism": "hostel",
        "website": "https://wellingtonbackpackers.co.nz/",
        "@geometry": "center"
      },
      "geometry": {
        "type": "Point",
        "coordinates": [
          174.7844453,
          -41.2999915
        ]
      },
      "id": "way/257680443"
    },
    {
      "type": "Feature",
      "properties": {
        "@id": "way/258825064",
        "building": "yes",
        "name": "YHA Tide Water",
        "tourism": "hostel",
        "@geometry": "center"
      },
      "geometry": {
        "type": "Point",
        "coordinates": [
          175.4987571,
          -36.7622437
        ]
      },
      "id": "way/258825064"
    },
    {
      "type": "Feature",
      "properties": {
        "@id": "way/259350657",
        "building": "yes",
        "name": "Haka House Rotorua",
        "tourism": "hostel",
        "@geometry": "center"
      },
      "geometry": {
        "type": "Point",
        "coordinates": [
          176.2477393,
          -38.1361494
        ]
      },
      "id": "way/259350657"
    },
    {
      "type": "Feature",
      "properties": {
        "@id": "way/259378469",
        "addr:city": "Kaikōura",
        "addr:housenumber": "270",
        "addr:postcode": "7300",
        "addr:street": "Esplanade",
        "addr:suburb": "Kaikōura",
        "building": "yes",
        "email": "kaikouraseasidelodge@outlook.co.nz",
        "internet_access": "yes",
        "internet_access:fee": "customers",
        "name": "Kaikoura Seaside Lodge",
        "phone": "+64 3 319 6949",
        "tourism": "hostel",
        "website": "https://kaikoura-seaside-lodge.mydirectstay.com/",
        "@geometry": "center"
      },
      "geometry": {
        "type": "Point",
        "coordinates": [
          173.6967615,
          -42.4155714
        ]
      },
      "id": "way/259378469"
    },
    {
      "type": "Feature",
      "properties": {
        "@id": "way/259571782",
        "building": "yes",
        "name": "Kainga-ra YHA Greymouth",
        "tourism": "hostel",
        "@geometry": "center"
      },
      "geometry": {
        "type": "Point",
        "coordinates": [
          171.2127023,
          -42.4516786
        ]
      },
      "id": "way/259571782"
    },
    {
      "type": "Feature",
      "properties": {
        "@id": "way/259582939",
        "addr:city": "New Plymouth",
        "addr:country": "NZ",
        "addr:housenumber": "12",
        "addr:street": "Clawton Street",
        "addr:suburb": "Westown",
        "building": "hotel",
        "internet_access": "wlan",
        "internet_access:fee": "yes",
        "name": "Egmont Eco Lodge",
        "name:en": "Egmont Eco Lodge",
        "name:ja": "エグモント・エコ・ロッジ",
        "ref:linz:address_id": "942383",
        "tourism": "hostel",
        "wheelchair": "no",
        "@geometry": "center"
      },
      "geometry": {
        "type": "Point",
        "coordinates": [
          174.0697147,
          -39.0707144
        ]
      },
      "id": "way/259582939"
    },
    {
      "type": "Feature",
      "properties": {
        "@id": "node/278093311",
        "name": "Maple Lodge Backpackers",
        "tourism": "hostel"
      },
      "geometry": {
        "type": "Point",
        "coordinates": [
          174.7838268,
          -41.3006973
        ]
      },
      "id": "node/278093311"
    },
    {
      "type": "Feature",
      "properties": {
        "@id": "way/291058273",
        "addr:housenumber": "118-122",
        "addr:street": "Nelson Street",
        "addr:suburb": "Auckland Central",
        "building": "yes",
        "building:levels": "8",
        "name": "TMACS Backpackers",
        "ref:linz:address_id": "1123271",
        "tourism": "hostel",
        "@geometry": "center"
      },
      "geometry": {
        "type": "Point",
        "coordinates": [
          174.7579364,
          -36.8532674
        ]
      },
      "id": "way/291058273"
    },
    {
      "type": "Feature",
      "properties": {
        "@id": "way/292861434",
        "addr:city": "Auckland",
        "addr:country": "NZ",
        "addr:housenumber": "10",
        "addr:postcode": "1010",
        "addr:street": "Wellesley Street East",
        "addr:suburb": "Auckland Central",
        "building": "yes",
        "building:flats": "10",
        "building:levels": "10",
        "building:levels:underground": "1",
        "check_date": "2025-11-19",
        "guest_house": "hostel",
        "internet_access": "wlan",
        "internet_access:fee": "customers",
        "name": "Choice Back Packers",
        "opening_hours": "10:00-22:00",
        "phone": "+64 9 309 8802;+64 9 302 0888",
        "ref:linz:address_id": "1131989",
        "tourism": "hostel",
        "website": "https://choice-backpackers.aucklandcityhotels.net",
        "wheelchair": "yes",
        "wikidata": "Q118959424",
        "@geometry": "center"
      },
      "geometry": {
        "type": "Point",
        "coordinates": [
          174.7651564,
          -36.8508719
        ]
      },
      "id": "way/292861434"
    },
    {
      "type": "Feature",
      "properties": {
        "@id": "way/293023342",
        "addr:city": "Auckland",
        "addr:country": "NZ",
        "addr:housenumber": "234",
        "addr:street": "Hobson Street",
        "addr:suburb": "Auckland Central",
        "air_conditioning": "no",
        "building": "commercial",
        "building:levels": "2",
        "check_date": "2026-09-19",
        "check_date:internet_access": "2026-09-19",
        "internet_access": "wlan",
        "internet_access:fee": "no",
        "name": "234 Backpackers",
        "name:en": "234 Backpackers",
        "phone": "+64 9 377 9604",
        "ref:linz:address_id": "1123439",
        "roof:levels": "0",
        "source": "survey",
        "tourism": "hostel",
        "wheelchair": "no",
        "@geometry": "center"
      },
      "geometry": {
        "type": "Point",
        "coordinates": [
          174.7589622,
          -36.8536514
        ]
      },
      "id": "way/293023342"
    },
    {
      "type": "Feature",
      "properties": {
        "@id": "way/297010450",
        "addr:city": "Arthur's Pass",
        "addr:housenumber": "84",
        "addr:postcode": "7875",
        "addr:street": "West Coast Road",
        "addr:suburb": "Arthur's Pass National Park",
        "alt_name": "YHA Arthurs Pass",
        "building": "yes",
        "email": "mountainhouseap@gmail.com",
        "name": "YHA Mountain House",
        "operator": "YHA",
        "phone": "+64 3 318 9258",
        "ref:linz:address_id": "1416591",
        "tourism": "hostel",
        "website": "https://mountainhouseap.mydirectstay.com/",
        "wikidata": "Q111869986",
        "@geometry": "center"
      },
      "geometry": {
        "type": "Point",
        "coordinates": [
          171.5613338,
          -42.9396921
        ]
      },
      "id": "way/297010450"
    },
    {
      "type": "Feature",
      "properties": {
        "@id": "node/307349592",
        "name": "Kia Maia International Student Christian Hostel",
        "tourism": "hostel"
      },
      "geometry": {
        "type": "Point",
        "coordinates": [
          174.7725192,
          -41.2873708
        ]
      },
      "id": "node/307349592"
    },
    {
      "type": "Feature",
      "properties": {
        "@id": "way/308688188",
        "addr:city": "Te Anau",
        "addr:housenumber": "29",
        "addr:street": "Mokonui Street",
        "addr:suburb": "Te Anau",
        "air_conditioning": "no",
        "building": "yes",
        "building:levels": "2",
        "check_date": "2024-04-29",
        "contact:phone": "+64 3 249 9034",
        "contact:website": "https://www.teanaucentralbackpackers.co.nz",
        "internet_access": "wlan",
        "internet_access:fee": "customers",
        "name": "Te Anau Central Backpackers",
        "payment:cash": "yes",
        "payment:credit_cards": "yes",
        "payment:debit_cards": "yes",
        "ref:linz:address_id": "77013",
        "reservation": "yes",
        "smoking": "outside",
        "source": "survey",
        "tourism": "hostel",
        "wheelchair": "limited",
        "@geometry": "center"
      },
      "geometry": {
        "type": "Point",
        "coordinates": [
          167.7105911,
          -45.4147023
        ]
      },
      "id": "way/308688188"
    },
    {
      "type": "Feature",
      "properties": {
        "@id": "way/316335083",
        "addr:city": "Methven",
        "addr:housenumber": "44",
        "addr:street": "Allen Street",
        "addr:suburb": "Methven",
        "building": "yes",
        "name": "Alpenhorn Chalet",
        "phone": "+64 3 302 8779",
        "ref:linz:address_id": "140744",
        "tourism": "hostel",
        "website": "https://www.airbnb.co.nz/rooms/15805483",
        "@geometry": "center"
      },
      "geometry": {
        "type": "Point",
        "coordinates": [
          171.642357,
          -43.6288468
        ]
      },
      "id": "way/316335083"
    },
    {
      "type": "Feature",
      "properties": {
        "@id": "node/317655352",
        "name": "Base Backpackers",
        "tourism": "hostel"
      },
      "geometry": {
        "type": "Point",
        "coordinates": [
          174.764636,
          -36.8496619
        ]
      },
      "id": "node/317655352"
    },
    {
      "type": "Feature",
      "properties": {
        "@id": "node/317655464",
        "addr:city": "Auckland",
        "addr:country": "NZ",
        "addr:housenumber": "98-102",
        "addr:postcode": "1010",
        "addr:street": "Albert Street",
        "name": "Surf 'n Snow Backpackers",
        "name:en": "Surf 'n Snow Backpackers",
        "name:ja": "サーフ＆スノー バックパッカーズ",
        "tourism": "hostel"
      },
      "geometry": {
        "type": "Point",
        "coordinates": [
          174.7637945,
          -36.8483735
        ]
      },
      "id": "node/317655464"
    },
    {
      "type": "Feature",
      "properties": {
        "@id": "way/318479262",
        "building": "yes",
        "name": "Lazy Dog Backpackers",
        "tourism": "hostel",
        "@geometry": "center"
      },
      "geometry": {
        "type": "Point",
        "coordinates": [
          175.812849,
          -38.9833157
        ]
      },
      "id": "way/318479262"
    },
    {
      "type": "Feature",
      "properties": {
        "@id": "way/320366252",
        "addr:city": "New Plymouth",
        "addr:street": "Timandra Street",
        "building": "yes",
        "name": "Sunflower Lodge",
        "smoking": "no",
        "tourism": "hostel",
        "@geometry": "center"
      },
      "geometry": {
        "type": "Point",
        "coordinates": [
          174.0916665,
          -39.0645814
        ]
      },
      "id": "way/320366252"
    },
    {
      "type": "Feature",
      "properties": {
        "@id": "way/320773810",
        "building": "yes",
        "internet_access": "no",
        "name": "The Old Slaughterhouse",
        "phone": "+64 3 782 8333",
        "ref:linz:building_id": "2515980",
        "source": "2026LINZ-Building-Import",
        "tourism": "hostel",
        "website": "https://www.oldslaughterhouse.co.nz/",
        "wheelchair": "no",
        "@geometry": "center"
      },
      "geometry": {
        "type": "Point",
        "coordinates": [
          171.8920093,
          -41.5922373
        ]
      },
      "id": "way/320773810"
    },
    {
      "type": "Feature",
      "properties": {
        "@id": "node/321552851",
        "guest_house": "hostel",
        "name": "Kanuka Ridge Lodge",
        "tourism": "hostel"
      },
      "geometry": {
        "type": "Point",
        "coordinates": [
          172.9800138,
          -41.0180218
        ]
      },
      "id": "node/321552851"
    },
    {
      "type": "Feature",
      "properties": {
        "@id": "way/321822612",
        "addr:housenumber": "27",
        "addr:postcode": "0200",
        "addr:street": "Selwyn Road",
        "addr:suburb": "Paihia",
        "building": "yes",
        "building:levels": "2",
        "email": "centabay@xtra.co.nz",
        "internet_access": "wlan",
        "name": "Centabay Lodge",
        "phone": "+64 9 402 7466",
        "ref:linz:address_id": "924757",
        "tourism": "hostel",
        "website": "https://www.centabay.co.nz/",
        "@geometry": "center"
      },
      "geometry": {
        "type": "Point",
        "coordinates": [
          174.0904005,
          -35.2811653
        ]
      },
      "id": "way/321822612"
    },
    {
      "type": "Feature",
      "properties": {
        "@id": "way/327223341",
        "building": "yes",
        "email": "bbhilton@xtra.co.nz",
        "name": "Formerly the Blackball Hilton",
        "phone": "+64 3 732 4705",
        "ref:nz:heritage": "7115",
        "tourism": "hostel",
        "website": "https://www.blackballhilton.co.nz/",
        "wikidata": "Q77287863",
        "@geometry": "center"
      },
      "geometry": {
        "type": "Point",
        "coordinates": [
          171.4132952,
          -42.3643174
        ]
      },
      "id": "way/327223341"
    },
    {
      "type": "Feature",
      "properties": {
        "@id": "way/329592241",
        "addr:housenumber": "138",
        "addr:street": "Anzac Avenue",
        "addr:suburb": "Auckland Central",
        "brand": "University of Auckland",
        "brand:wikidata": "Q492467",
        "building": "yes",
        "building:flats": "155",
        "guest_house": "student_accommodation",
        "name": "UniLodge Anzac",
        "operator": "UniLodge",
        "operator:wikidata": "Q114773165",
        "ref": "813",
        "ref:linz:address_id": "3071059",
        "tourism": "hostel",
        "website": "https://www.unilodge.com.au/student-accommodation-auckland/auckland",
        "wikidata": "Q111794250",
        "@geometry": "center"
      },
      "geometry": {
        "type": "Point",
        "coordinates": [
          174.773828,
          -36.8492702
        ]
      },
      "id": "way/329592241"
    },
    {
      "type": "Feature",
      "properties": {
        "@id": "way/336293155",
        "addr:city": "Motueka",
        "addr:country": "NZ",
        "addr:housenumber": "55",
        "addr:postcode": "7120",
        "addr:street": "Whakarewa Street",
        "addr:suburb": "Motueka",
        "building": "yes",
        "contact:phone": "+64 3 528 6208",
        "contact:website": "https://www.whiteelephant.co.nz",
        "name": "White Elephant",
        "ref:linz:address_id": "297544",
        "source": "bing; survey",
        "tourism": "hostel",
        "@geometry": "center"
      },
      "geometry": {
        "type": "Point",
        "coordinates": [
          173.0042719,
          -41.1159929
        ]
      },
      "id": "way/336293155"
    },
    {
      "type": "Feature",
      "properties": {
        "@id": "way/336770260",
        "amenity": "pub",
        "building": "yes",
        "description": "Cafe/Restaurant and backpackers hostel",
        "name": "Berlins Cafe",
        "source": "bing",
        "toilets": "yes",
        "tourism": "hostel",
        "@geometry": "center"
      },
      "geometry": {
        "type": "Point",
        "coordinates": [
          171.8386708,
          -41.858514
        ]
      },
      "id": "way/336770260"
    },
    {
      "type": "Feature",
      "properties": {
        "@id": "way/338683985",
        "addr:housenumber": "526",
        "addr:street": "Waikawa Curio Bay Road",
        "building": "yes",
        "contact:website": "http://www.lazydolphinlodge.co.nz/",
        "internet_access": "wlan",
        "internet_access:fee": "yes",
        "name": "Lazy Dolphin Lodge",
        "source": "bing",
        "tourism": "hostel",
        "@geometry": "center"
      },
      "geometry": {
        "type": "Point",
        "coordinates": [
          169.101288,
          -46.6572476
        ]
      },
      "id": "way/338683985"
    },
    {
      "type": "Feature",
      "properties": {
        "@id": "way/338880930",
        "addr:hamlet": "Slope Point",
        "addr:housenumber": "164",
        "addr:street": "Slope Point Road",
        "building": "yes",
        "internet_access": "wlan",
        "name": "Slope Point Backpackers",
        "ref:linz:address_id": "118704",
        "source": "bing",
        "tourism": "hostel",
        "@geometry": "center"
      },
      "geometry": {
        "type": "Point",
        "coordinates": [
          169.0107943,
          -46.6416397
        ]
      },
      "id": "way/338880930"
    },
    {
      "type": "Feature",
      "properties": {
        "@id": "way/339286444",
        "building": "yes",
        "name": "Waiheke Island Hostel",
        "operator": "Auckland Council",
        "source": "Auckland Council",
        "tourism": "hostel",
        "website": "https://www.aucklandcouncil.govt.nz/parks-recreation/Pages/park-details.aspx?Location=184",
        "@geometry": "center"
      },
      "geometry": {
        "type": "Point",
        "coordinates": [
          175.071185,
          -36.7890195
        ]
      },
      "id": "way/339286444"
    },
    {
      "type": "Feature",
      "properties": {
        "@id": "way/339447625",
        "attribution": "http://www.aucklandcouncil.govt.nz/EN/ratesbuildingproperty/propertyinformation/GIS_maps/Pages/opendata.aspx",
        "building": "yes",
        "source": "Auckland Council",
        "tourism": "hostel",
        "@geometry": "center"
      },
      "geometry": {
        "type": "Point",
        "coordinates": [
          174.7822093,
          -36.6083899
        ]
      },
      "id": "way/339447625"
    },
    {
      "type": "Feature",
      "properties": {
        "@id": "way/339597874",
        "addr:city": "Te Anau",
        "addr:country": "NZ",
        "addr:housenumber": "12",
        "addr:street": "Tom Plato Drive",
        "addr:suburb": "Te Anau",
        "building": "yes",
        "contact:phone": "+64 3 249 8050",
        "name": "Paul's Backpacker Homestay",
        "ref:linz:address_id": "77368",
        "source": "bing; survey",
        "tourism": "hostel",
        "@geometry": "center"
      },
      "geometry": {
        "type": "Point",
        "coordinates": [
          167.7232386,
          -45.4064085
        ]
      },
      "id": "way/339597874"
    },
    {
      "type": "Feature",
      "properties": {
        "@id": "way/339597875",
        "addr:city": "Te Anau",
        "addr:country": "NZ",
        "addr:housenumber": "23",
        "addr:street": "Tom Plato Drive",
        "addr:suburb": "Te Anau",
        "building": "yes",
        "contact:phone": "+64 3 249 8431",
        "contact:website": "https://www.rosiesbackpackers.co.nz",
        "internet_access": "wlan",
        "name": "Rosie's Backpacker Homestay",
        "ref:linz:address_id": "77495",
        "source": "bing;survey",
        "tourism": "hostel",
        "@geometry": "center"
      },
      "geometry": {
        "type": "Point",
        "coordinates": [
          167.7228745,
          -45.4059727
        ]
      },
      "id": "way/339597875"
    },
    {
      "type": "Feature",
      "properties": {
        "@id": "way/351897929",
        "building": "yes",
        "name": "Sunseeker Lodge BBH",
        "source": "Bing",
        "tourism": "hostel",
        "@geometry": "center"
      },
      "geometry": {
        "type": "Point",
        "coordinates": [
          173.745593,
          -35.0473107
        ]
      },
      "id": "way/351897929"
    },
    {
      "type": "Feature",
      "properties": {
        "@id": "way/355225308",
        "building": "yes",
        "contact:facebook": "https://www.facebook.com/www.wildernessaccommodation.co.nz",
        "internet_access": "wlan",
        "internet_access:fee": "yes",
        "name": "Wilderness Backpackers",
        "phone": "+64 3 750 0029",
        "tourism": "hostel",
        "website": "https://haastbackpackers.co.nz/",
        "@geometry": "center"
      },
      "geometry": {
        "type": "Point",
        "coordinates": [
          169.0416089,
          -43.8807109
        ]
      },
      "id": "way/355225308"
    },
    {
      "type": "Feature",
      "properties": {
        "@id": "way/368720760",
        "building": "yes",
        "name": "PNBHS College House",
        "tourism": "hostel",
        "@geometry": "center"
      },
      "geometry": {
        "type": "Point",
        "coordinates": [
          175.6097894,
          -40.3473297
        ]
      },
      "id": "way/368720760"
    },
    {
      "type": "Feature",
      "properties": {
        "@id": "way/372672507",
        "addr:city": "Dunedin",
        "addr:housenumber": "277",
        "addr:postcode": "9016",
        "addr:street": "Rattray Street",
        "addr:suburb": "Dunedin Central",
        "building": "yes",
        "operator": "Purple Property",
        "ref:linz:address_id": "1414481",
        "tourism": "hostel",
        "@geometry": "center"
      },
      "geometry": {
        "type": "Point",
        "coordinates": [
          170.4979568,
          -45.8750206
        ]
      },
      "id": "way/372672507"
    },
    {
      "type": "Feature",
      "properties": {
        "@id": "way/372801627",
        "addr:housenumber": "259",
        "addr:street": "Marine Parade",
        "addr:suburb": "Napier South",
        "building": "hotel",
        "building:levels": "2",
        "check_date": "2024-09-27",
        "internet_access": "wlan",
        "internet_access:fee": "no",
        "name": "The Art House Backpackers",
        "name:en": "The Art House Backpackers",
        "name:ja": "ザ・アートハウス・バックパッカーズ",
        "ref:linz:address_id": "635254",
        "rooms": "9",
        "tourism": "hostel",
        "@geometry": "center"
      },
      "geometry": {
        "type": "Point",
        "coordinates": [
          176.9187877,
          -39.4936625
        ]
      },
      "id": "way/372801627"
    },
    {
      "type": "Feature",
      "properties": {
        "@id": "way/376258030",
        "addr:city": "Kaikōura",
        "addr:housenumber": "74",
        "addr:postcode": "7300",
        "addr:street": "Beach Road",
        "addr:suburb": "Kaikōura",
        "building": "yes",
        "building:levels": "2",
        "name": "Dusky Lodge And Backpackers",
        "phone": "+64 3 319 5959",
        "ref:linz:address_id": "328940",
        "tourism": "hostel",
        "website": "http://www.duskylodge.com/booking.htm",
        "@geometry": "center"
      },
      "geometry": {
        "type": "Point",
        "coordinates": [
          173.6794365,
          -42.3932491
        ]
      },
      "id": "way/376258030"
    },
    {
      "type": "Feature",
      "properties": {
        "@id": "way/376394290",
        "addr:city": "Kaikōura",
        "addr:housenumber": "37",
        "addr:postcode": "7300",
        "addr:street": "Beach Road",
        "addr:suburb": "Kaikōura",
        "building": "yes",
        "check_date:internet_access": "2023-01-19",
        "internet_access": "wlan",
        "internet_access:fee": "no",
        "name": "The Lazy Shag Backpackers",
        "phone": "+64 3 319 6662",
        "ref:linz:address_id": "329106",
        "tourism": "hostel",
        "@geometry": "center"
      },
      "geometry": {
        "type": "Point",
        "coordinates": [
          173.6789176,
          -42.3963636
        ]
      },
      "id": "way/376394290"
    },
    {
      "type": "Feature",
      "properties": {
        "@id": "way/377140889",
        "addr:city": "Kaikōura",
        "addr:housenumber": "15",
        "addr:postcode": "7300",
        "addr:street": "Deal Street",
        "addr:suburb": "Kaikōura",
        "building": "yes",
        "name": "Dolphin Lodge Backpackers - BBh",
        "operator": "BBH",
        "phone": "+64 3 319 5842",
        "ref:linz:address_id": "328983",
        "tourism": "hostel",
        "@geometry": "center"
      },
      "geometry": {
        "type": "Point",
        "coordinates": [
          173.6828115,
          -42.403892
        ]
      },
      "id": "way/377140889"
    },
    {
      "type": "Feature",
      "properties": {
        "@id": "way/377140921",
        "addr:city": "Kaikōura",
        "addr:housenumber": "53",
        "addr:postcode": "7300",
        "addr:street": "Deal Street",
        "addr:suburb": "Kaikōura",
        "building": "yes",
        "name": "Nikau Lodge",
        "phone": "+64 3 319 6973",
        "ref:linz:address_id": "329266",
        "tourism": "hostel",
        "website": "https://www.nikaulodge.com/",
        "@geometry": "center"
      },
      "geometry": {
        "type": "Point",
        "coordinates": [
          173.6800194,
          -42.4058628
        ]
      },
      "id": "way/377140921"
    },
    {
      "type": "Feature",
      "properties": {
        "@id": "way/377140997",
        "addr:city": "Kaikoura",
        "addr:housenumber": "1",
        "addr:postcode": "7300",
        "addr:street": "Killarney Street",
        "building": "yes",
        "name": "Albatross backpackers inn",
        "tourism": "hostel",
        "@geometry": "center"
      },
      "geometry": {
        "type": "Point",
        "coordinates": [
          173.6826186,
          -42.4072845
        ]
      },
      "id": "way/377140997"
    },
    {
      "type": "Feature",
      "properties": {
        "@id": "way/377151629",
        "addr:city": "Kaikoura",
        "addr:housenumber": "1",
        "addr:postcode": "7300",
        "addr:street": "Killarney Street",
        "building": "yes",
        "tourism": "hostel",
        "@geometry": "center"
      },
      "geometry": {
        "type": "Point",
        "coordinates": [
          173.6826588,
          -42.4074104
        ]
      },
      "id": "way/377151629"
    },
    {
      "type": "Feature",
      "properties": {
        "@id": "way/377151630",
        "addr:city": "Kaikoura",
        "addr:housenumber": "1",
        "addr:postcode": "7300",
        "addr:street": "Killarney Street",
        "building": "yes",
        "tourism": "hostel",
        "@geometry": "center"
      },
      "geometry": {
        "type": "Point",
        "coordinates": [
          173.6827556,
          -42.407652
        ]
      },
      "id": "way/377151630"
    },
    {
      "type": "Feature",
      "properties": {
        "@id": "way/377151632",
        "addr:city": "Kaikōura",
        "addr:housenumber": "1",
        "addr:postcode": "7300",
        "addr:street": "Torquay Street",
        "addr:suburb": "Kaikōura",
        "name": "Albatross Backpacker Inn",
        "phone": "+64 3 319 6090",
        "ref:linz:address_id": "329226",
        "tourism": "hostel",
        "website": "https://albatross-kaikoura.co.nz/contact/",
        "@geometry": "center"
      },
      "geometry": {
        "type": "Point",
        "coordinates": [
          173.6827017,
          -42.4074981
        ]
      },
      "id": "way/377151632"
    },
    {
      "type": "Feature",
      "properties": {
        "@id": "way/377151723",
        "addr:city": "Kaikoura",
        "addr:housenumber": "168",
        "addr:postcode": "7300",
        "addr:street": "Esplanade",
        "building": "yes",
        "name": "Clearwater Motel Kaikoura",
        "phone": "+64 3 319 5326",
        "tourism": "hostel",
        "website": "http://www.kaikouramotels.co.nz/",
        "@geometry": "center"
      },
      "geometry": {
        "type": "Point",
        "coordinates": [
          173.6881016,
          -42.4132706
        ]
      },
      "id": "way/377151723"
    },
    {
      "type": "Feature",
      "properties": {
        "@id": "way/381455531",
        "addr:housenumber": "120",
        "addr:postcode": "9814",
        "addr:street": "Gore Street",
        "building": "yes",
        "name": "Bluff Lodge",
        "tourism": "hostel",
        "@geometry": "center"
      },
      "geometry": {
        "type": "Point",
        "coordinates": [
          168.3428019,
          -46.5990477
        ]
      },
      "id": "way/381455531"
    },
    {
      "type": "Feature",
      "properties": {
        "@id": "way/388384183",
        "check_date": "2025-08-10",
        "name": "Anchorage Resort",
        "tourism": "hostel",
        "@geometry": "center"
      },
      "geometry": {
        "type": "Point",
        "coordinates": [
          176.0834959,
          -38.7156003
        ]
      },
      "id": "way/388384183"
    },
    {
      "type": "Feature",
      "properties": {
        "@id": "way/397757468",
        "addr:city": "Greymouth",
        "addr:country": "NZ",
        "addr:housenumber": "42-54",
        "addr:street": "Cowper Street",
        "building": "yes",
        "email": "globalvillage@minidata.co.nz",
        "internet_access": "wlan",
        "internet_access:fee": "no",
        "name": "Global Village Backpackers",
        "phone": "+64 3 768 7272",
        "tourism": "hostel",
        "website": "https://globalvillagebackpackers.co.nz/",
        "wheelchair": "no",
        "@geometry": "center"
      },
      "geometry": {
        "type": "Point",
        "coordinates": [
          171.2004354,
          -42.4588545
        ]
      },
      "id": "way/397757468"
    },
    {
      "type": "Feature",
      "properties": {
        "@id": "way/398114266",
        "addr:city": "Greymouth",
        "addr:country": "NZ",
        "addr:housenumber": "27",
        "addr:street": "Guinness Street",
        "addr:suburb": "Greymouth",
        "building": "yes",
        "email": "dukenz@clear.net.nz",
        "internet_access": "wlan",
        "internet_access:fee": "no",
        "name": "Duke Backpackers",
        "phone": "+64 3 768 9470",
        "ref:linz:address_id": "1358292",
        "tourism": "hostel",
        "wikidata": "Q111120208",
        "wikimedia_commons": "File:Duke hostel en Greymouth.jpg",
        "@geometry": "center"
      },
      "geometry": {
        "type": "Point",
        "coordinates": [
          171.2094773,
          -42.4498174
        ]
      },
      "id": "way/398114266"
    },
    {
      "type": "Feature",
      "properties": {
        "@id": "way/398685182",
        "addr:city": "Blenheim",
        "addr:housenumber": "27",
        "addr:street": "Budge Street",
        "caravans": "yes",
        "email": "info@blenheimbackpackers.co.nz",
        "fee": "yes",
        "internet_access": "wlan",
        "mobile": "+64 210 343 913",
        "name": "Blenheim Backpackers & Motorcamp",
        "opening_hours": "Mo-Su 09:00-20:00",
        "power_supply": "yes",
        "tourism": "hostel",
        "website": "http://blenheimbackpackers.co.nz",
        "@geometry": "center"
      },
      "geometry": {
        "type": "Point",
        "coordinates": [
          173.9619344,
          -41.5028792
        ]
      },
      "id": "way/398685182"
    },
    {
      "type": "Feature",
      "properties": {
        "@id": "way/400244075",
        "addr:city": "Hanmer Springs",
        "addr:housenumber": "14",
        "addr:street": "Amuri Avenue",
        "addr:suburb": "Hanmer Springs",
        "building": "yes",
        "email": "staykakapo@xtra.co.nz",
        "internet_access": "wlan",
        "name": "Kakapo Lodge",
        "phone:NZ": "0800 782 952",
        "ref:linz:address_id": "1629444",
        "tourism": "hostel",
        "website": "https://www.kakapolodge.co.nz/",
        "@geometry": "center"
      },
      "geometry": {
        "type": "Point",
        "coordinates": [
          172.8282661,
          -42.525823
        ]
      },
      "id": "way/400244075"
    },
    {
      "type": "Feature",
      "properties": {
        "@id": "way/401588399",
        "addr:housenumber": "83",
        "addr:postcode": "1010",
        "addr:street": "Anzac Avenue",
        "building": "yes",
        "building:levels": "4",
        "height": "17",
        "name": "Oceanic Hostel",
        "tourism": "hostel",
        "@geometry": "center"
      },
      "geometry": {
        "type": "Point",
        "coordinates": [
          174.7725733,
          -36.8479753
        ]
      },
      "id": "way/401588399"
    },
    {
      "type": "Feature",
      "properties": {
        "@id": "way/401695384",
        "LINZ2OSM:dataset": "kx_wellington_city_council",
        "LINZ2OSM:layer": "wcc_buildings",
        "LINZ2OSM:source_version": "2015-02-02",
        "addr:housenumber": "112",
        "addr:street": "Quebec Street",
        "addr:suburb": "Kingston",
        "attribution": "https://koordinates.com/publisher/wcc/",
        "beds": "24",
        "building": "detached",
        "building:levels": "3",
        "internet_access": "wlan",
        "internet_access:fee": "no",
        "linz2osm:objectid": "66973.0",
        "name": "House of Tawatawa",
        "ref:linz:address_id": "530177",
        "roof:levels": "0",
        "rooms": "6",
        "smoking": "outside",
        "source": "Wellington City Council - photo 2006, 0.30m",
        "tourism": "hostel",
        "website": "https://www.facebook.com/thehouseoftawatawa/",
        "wheelchair": "no",
        "@geometry": "center"
      },
      "geometry": {
        "type": "Point",
        "coordinates": [
          174.7634433,
          -41.3281712
        ]
      },
      "id": "way/401695384"
    },
    {
      "type": "Feature",
      "properties": {
        "@id": "way/409840822",
        "addr:city": "Reefton",
        "addr:country": "NZ",
        "addr:housenumber": "155",
        "addr:postcode": "7830",
        "addr:street": "Buller Road",
        "addr:suburb": "Reefton",
        "building": "yes",
        "email": "breadshopbackpackers@gmail.com",
        "name": "The Old Breadshop Backpackers",
        "phone": "+64 3 732 8420",
        "ref:linz:address_id": "295515",
        "source": "Bing",
        "tourism": "hostel",
        "website": "http://reeftonbackpackers.co.nz/",
        "@geometry": "center"
      },
      "geometry": {
        "type": "Point",
        "coordinates": [
          171.8644956,
          -42.115893
        ]
      },
      "id": "way/409840822"
    },
    {
      "type": "Feature",
      "properties": {
        "@id": "way/411217787",
        "addr:city": "Tākaka",
        "addr:housenumber": "818",
        "addr:postcode": "7183",
        "addr:street": "Abel Tasman Drive",
        "addr:suburb": "Pōhara",
        "building": "yes",
        "name": "Ratanui Lodge",
        "phone": "+64 3 525 7998",
        "ref:linz:address_id": "398948",
        "tourism": "hostel",
        "wikidata": "Q111870585",
        "@geometry": "center"
      },
      "geometry": {
        "type": "Point",
        "coordinates": [
          172.8858477,
          -40.833505
        ]
      },
      "id": "way/411217787"
    },
    {
      "type": "Feature",
      "properties": {
        "@id": "way/413053284",
        "addr:city": "Punakaiki",
        "addr:hamlet": "Te Miko",
        "addr:housenumber": "33",
        "addr:postcode": "7871",
        "addr:street": "Hartmount Place",
        "building": "yes",
        "name": "The Rocks Homestay B&B",
        "phone": "+64 3 731 1141",
        "ref:linz:address_id": "565568",
        "source": "http://therockshomestay.com/",
        "tourism": "hostel",
        "website": "http://therockshomestay.com/",
        "@geometry": "center"
      },
      "geometry": {
        "type": "Point",
        "coordinates": [
          171.3410837,
          -42.0910442
        ]
      },
      "id": "way/413053284"
    },
    {
      "type": "Feature",
      "properties": {
        "@id": "way/427921081",
        "addr:city": "Westport",
        "addr:housenumber": "72",
        "addr:postcode": "7825",
        "addr:street": "Queen Street",
        "addr:suburb": "Westport",
        "building": "yes",
        "internet_access": "wlan",
        "internet_access:fee": "no",
        "name": "TripInn Hostel YHA",
        "ref:linz:address_id": "293972",
        "ref:nz:heritage": "5033",
        "tourism": "hostel",
        "website": "https://www.tripinn.co.nz/",
        "wikidata": "Q79308408",
        "@geometry": "center"
      },
      "geometry": {
        "type": "Point",
        "coordinates": [
          171.6013168,
          -41.7559128
        ]
      },
      "id": "way/427921081"
    },
    {
      "type": "Feature",
      "properties": {
        "@id": "way/427940489",
        "building": "yes",
        "name": "Travers-Sabine Lodge",
        "tourism": "hostel",
        "@geometry": "center"
      },
      "geometry": {
        "type": "Point",
        "coordinates": [
          172.8498406,
          -41.801304
        ]
      },
      "id": "way/427940489"
    },
    {
      "type": "Feature",
      "properties": {
        "@id": "way/428122406",
        "building": "yes",
        "check_date": "2025-02-15",
        "internet_access": "wlan",
        "internet_access:fee": "customers",
        "name": "Palm Tree Lodge & Backpackers",
        "tourism": "hostel",
        "@geometry": "center"
      },
      "geometry": {
        "type": "Point",
        "coordinates": [
          174.0947714,
          -35.2862186
        ]
      },
      "id": "way/428122406"
    },
    {
      "type": "Feature",
      "properties": {
        "@id": "way/429273941",
        "addr:housenumber": "277",
        "addr:street": "Marine Parade",
        "addr:suburb": "Napier South",
        "landuse": "residential",
        "name": "Miss Properties",
        "ref:linz:address_id": "1581120",
        "tourism": "hostel",
        "@geometry": "center"
      },
      "geometry": {
        "type": "Point",
        "coordinates": [
          176.918701,
          -39.4942458
        ]
      },
      "id": "way/429273941"
    },
    {
      "type": "Feature",
      "properties": {
        "@id": "way/429273949",
        "addr:housenumber": "370",
        "addr:street": "Hastings Street",
        "addr:suburb": "Napier South",
        "landuse": "residential",
        "name": "Stables Lodge Backpackers",
        "ref:linz:address_id": "1752184",
        "tourism": "hostel",
        "website": "https://www.stableslodge.co.nz/",
        "wikidata": "Q111117196",
        "@geometry": "center"
      },
      "geometry": {
        "type": "Point",
        "coordinates": [
          176.9182541,
          -39.4953937
        ]
      },
      "id": "way/429273949"
    },
    {
      "type": "Feature",
      "properties": {
        "@id": "way/429275385",
        "addr:housenumber": "471",
        "addr:street": "Marine Parade",
        "addr:suburb": "Napier South",
        "landuse": "residential",
        "name": "Bluewater Lodge",
        "ref:linz:address_id": "635776",
        "tourism": "hostel",
        "website": "http://bluewaterlodge.co.nz/",
        "@geometry": "center"
      },
      "geometry": {
        "type": "Point",
        "coordinates": [
          176.9181527,
          -39.5003658
        ]
      },
      "id": "way/429275385"
    },
    {
      "type": "Feature",
      "properties": {
        "@id": "way/429436144",
        "landuse": "residential",
        "name": "Aqua Lodge Backpackers",
        "tourism": "hostel",
        "@geometry": "center"
      },
      "geometry": {
        "type": "Point",
        "coordinates": [
          176.9134348,
          -39.4978963
        ]
      },
      "id": "way/429436144"
    },
    {
      "type": "Feature",
      "properties": {
        "@id": "way/431371047",
        "building": "yes",
        "name": "Ocean View backpackers",
        "tourism": "hostel",
        "@geometry": "center"
      },
      "geometry": {
        "type": "Point",
        "coordinates": [
          170.3466388,
          -45.9373875
        ]
      },
      "id": "way/431371047"
    },
    {
      "type": "Feature",
      "properties": {
        "@id": "way/443270583",
        "addr:housenumber": "7",
        "addr:street": "Cathedral Lane",
        "addr:suburb": "Napier South",
        "building": "yes",
        "height": "7.242",
        "name": "Wallys Backpackers",
        "ref:linz:address_id": "635473",
        "tourism": "hostel",
        "@geometry": "center"
      },
      "geometry": {
        "type": "Point",
        "coordinates": [
          176.9161674,
          -39.4890701
        ]
      },
      "id": "way/443270583"
    },
    {
      "type": "Feature",
      "properties": {
        "@id": "way/444238644",
        "addr:city": "Picton",
        "addr:housenumber": "68",
        "addr:postcode": "7220",
        "addr:street": "Auckland Street",
        "addr:suburb": "Picton",
        "building": "yes",
        "name": "Piwaka Lodge & Backpackers",
        "phone": "+64 3 929 3749",
        "ref:linz:address_id": "1292779",
        "tourism": "hostel",
        "@geometry": "center"
      },
      "geometry": {
        "type": "Point",
        "coordinates": [
          174.0062967,
          -41.2914203
        ]
      },
      "id": "way/444238644"
    },
    {
      "type": "Feature",
      "properties": {
        "@id": "way/444238754",
        "addr:city": "Picton",
        "addr:housenumber": "34",
        "addr:postcode": "7220",
        "addr:street": "Auckland Street",
        "addr:suburb": "Picton",
        "building": "yes",
        "email": "stay@thevilla.co.nz",
        "internet_access": "wlan",
        "name": "The Villa Backpackers",
        "phone": "+64 3 573 6598",
        "ref:linz:address_id": "1292748",
        "tourism": "hostel",
        "website": "https://www.thevilla.nz",
        "@geometry": "center"
      },
      "geometry": {
        "type": "Point",
        "coordinates": [
          174.0059964,
          -41.2901866
        ]
      },
      "id": "way/444238754"
    },
    {
      "type": "Feature",
      "properties": {
        "@id": "way/446799587",
        "building": "yes",
        "contact:facebook": "https://facebook.com/TheCrossingLodge",
        "contact:instagram": "https://instagram.com/thecrossinglodge/",
        "contact:youtube": "https://youtube.com/@TheCrossingLodgeandBackpackers",
        "email": "stay@thecrossinglodge.co.nz",
        "name": "The Crossing Lodge and Backpackers",
        "phone": "+64 28 2554 8000",
        "tourism": "hostel",
        "website": "https://www.thecrossinglodge.co.nz/",
        "@geometry": "center"
      },
      "geometry": {
        "type": "Point",
        "coordinates": [
          175.3974691,
          -39.2269189
        ]
      },
      "id": "way/446799587"
    },
    {
      "type": "Feature",
      "properties": {
        "@id": "way/469644947",
        "building": "yes",
        "internet_access": "wlan",
        "internet_access:fee": "no",
        "name": "Central Lodge",
        "smoking": "separated",
        "tourism": "hostel",
        "wheelchair": "no",
        "@geometry": "center"
      },
      "geometry": {
        "type": "Point",
        "coordinates": [
          173.9663194,
          -41.514078
        ]
      },
      "id": "way/469644947"
    },
    {
      "type": "Feature",
      "properties": {
        "@id": "way/475688681",
        "addr:city": "Christchurch",
        "addr:country": "NZ",
        "addr:housenumber": "4",
        "addr:postcode": "8041",
        "addr:street": "Camelot Street",
        "name": "Camelot Castle",
        "tourism": "hostel",
        "@geometry": "center"
      },
      "geometry": {
        "type": "Point",
        "coordinates": [
          172.570857,
          -43.5150426
        ]
      },
      "id": "way/475688681"
    },
    {
      "type": "Feature",
      "properties": {
        "@id": "way/488798825",
        "addr:city": "Tākaka",
        "addr:housenumber": "114",
        "addr:street": "Commercial Street",
        "addr:suburb": "Tākaka",
        "building": "yes",
        "name": "Barefoot Backpackers",
        "ref:linz:address_id": "296441",
        "tourism": "hostel",
        "@geometry": "center"
      },
      "geometry": {
        "type": "Point",
        "coordinates": [
          172.8069705,
          -40.8553883
        ]
      },
      "id": "way/488798825"
    },
    {
      "type": "Feature",
      "properties": {
        "@id": "way/494995851",
        "building": "yes",
        "name": "LyLo Christchurch",
        "tourism": "hostel",
        "@geometry": "center"
      },
      "geometry": {
        "type": "Point",
        "coordinates": [
          172.5488696,
          -43.4897276
        ]
      },
      "id": "way/494995851"
    },
    {
      "type": "Feature",
      "properties": {
        "@id": "way/512279995",
        "building": "yes",
        "contact:facebook": "https://www.facebook.com/CanoeSafarisNewZealand/",
        "email": "info@canoesafaris.co.nz",
        "internet_access": "yes",
        "name": "Canoe Safari Lodge",
        "phone:NZ": "0800 272 335",
        "phone:NZ:mnemonic": "0800 2 PADDLE",
        "tourism": "hostel",
        "website": "https://www.canoesafaris.co.nz/plan-your-trip/ohakune-accommodation",
        "@geometry": "center"
      },
      "geometry": {
        "type": "Point",
        "coordinates": [
          175.3991436,
          -39.4157028
        ]
      },
      "id": "way/512279995"
    },
    {
      "type": "Feature",
      "properties": {
        "@id": "way/514916067",
        "addr:housenumber": "91",
        "addr:postcode": "0110",
        "addr:street": "Cameron Street",
        "addr:suburb": "Whangārei",
        "building": "yes",
        "email": "thecellblockwhangarei@gmail.com",
        "internet_access": "wlan",
        "mobile": "+64 22 355 0557",
        "name": "The Cell Block Backpackers",
        "ref:linz:address_id": "2097551",
        "tourism": "hostel",
        "website": "https://www.thecellblock.nz/",
        "@geometry": "center"
      },
      "geometry": {
        "type": "Point",
        "coordinates": [
          174.322097,
          -35.7271474
        ]
      },
      "id": "way/514916067"
    },
    {
      "type": "Feature",
      "properties": {
        "@id": "node/539975970",
        "name": "Lantana Lodge",
        "tourism": "hostel",
        "wikidata": "Q111118713"
      },
      "geometry": {
        "type": "Point",
        "coordinates": [
          174.7825499,
          -36.8540087
        ]
      },
      "id": "node/539975970"
    },
    {
      "type": "Feature",
      "properties": {
        "@id": "way/555860865",
        "addr:city": "Dunedin",
        "addr:housenumber": "71",
        "addr:postcode": "9016",
        "addr:street": "Stafford Street",
        "addr:suburb": "Dunedin Central",
        "building": "yes",
        "name": "Stafford Gables Hostel",
        "ref:linz:address_id": "50103",
        "ref:nz:heritage": "4728",
        "tourism": "hostel",
        "wikidata": "Q79310738",
        "@geometry": "center"
      },
      "geometry": {
        "type": "Point",
        "coordinates": [
          170.4970727,
          -45.8808306
        ]
      },
      "id": "way/555860865"
    },
    {
      "type": "Feature",
      "properties": {
        "@id": "way/645740365",
        "addr:city": "Wellington",
        "addr:housenumber": "1",
        "addr:street": "Hōniana Te Puni Street",
        "addr:suburb": "Aro Valley",
        "building": "yes",
        "check_date": "2026-01-05",
        "layer": "2",
        "name": "The Mermaid Guesthouse for Women",
        "ref:linz:address_id": "1311712",
        "source": "Wellington City Council;Wellington City Council - photo 1999, 0.15m",
        "tourism": "hostel",
        "@geometry": "center"
      },
      "geometry": {
        "type": "Point",
        "coordinates": [
          174.7663085,
          -41.2954298
        ]
      },
      "id": "way/645740365"
    },
    {
      "type": "Feature",
      "properties": {
        "@id": "node/663554225",
        "caravans": "yes",
        "email": "hello@possumlodge.co.nz",
        "mobile": "+64 27 260 9448",
        "name": "Possum Lodge",
        "operator": "BBH",
        "phone": "+64 3 249 6623",
        "tents": "yes",
        "tourism": "hostel"
      },
      "geometry": {
        "type": "Point",
        "coordinates": [
          167.6044346,
          -45.5667269
        ]
      },
      "id": "node/663554225"
    },
    {
      "type": "Feature",
      "properties": {
        "@id": "node/667834632",
        "name": "Ramblers Rest Backpackers",
        "tourism": "hostel"
      },
      "geometry": {
        "type": "Point",
        "coordinates": [
          171.7498216,
          -43.907479
        ]
      },
      "id": "node/667834632"
    },
    {
      "type": "Feature",
      "properties": {
        "@id": "node/667881246",
        "name": "Swaggers Backpackers",
        "tourism": "hostel"
      },
      "geometry": {
        "type": "Point",
        "coordinates": [
          170.9666241,
          -45.1042479
        ]
      },
      "id": "node/667881246"
    },
    {
      "type": "Feature",
      "properties": {
        "@id": "node/667881248",
        "name": "Empire Hotel Backpackers",
        "tourism": "hostel"
      },
      "geometry": {
        "type": "Point",
        "coordinates": [
          170.9695465,
          -45.101158
        ]
      },
      "id": "node/667881248"
    },
    {
      "type": "Feature",
      "properties": {
        "@id": "node/667881256",
        "name": "Wanderer Backpackers",
        "tourism": "hostel"
      },
      "geometry": {
        "type": "Point",
        "coordinates": [
          171.2436712,
          -44.3885
        ]
      },
      "id": "node/667881256"
    },
    {
      "type": "Feature",
      "properties": {
        "@id": "node/667890566",
        "addr:housenumber": "612",
        "addr:street": "Niagara Waikawa Road",
        "name": "Pinguin Paradise Backpackers",
        "tourism": "hostel"
      },
      "geometry": {
        "type": "Point",
        "coordinates": [
          169.1337185,
          -46.6240927
        ]
      },
      "id": "node/667890566"
    },
    {
      "type": "Feature",
      "properties": {
        "@id": "node/667890576",
        "name": "Chalet Backpackers",
        "tourism": "hostel"
      },
      "geometry": {
        "type": "Point",
        "coordinates": [
          170.4954862,
          -45.8795928
        ]
      },
      "id": "node/667890576"
    },
    {
      "type": "Feature",
      "properties": {
        "@id": "node/667890577",
        "addr:city": "Dunedin",
        "addr:housenumber": "597",
        "addr:postcode": "9016",
        "addr:street": "George Street",
        "addr:suburb": "North Dunedin",
        "name": "Kiwis Nest",
        "ref:linz:address_id": "52687",
        "tourism": "hostel",
        "website": "https://www.kiwisnest.co.nz/"
      },
      "geometry": {
        "type": "Point",
        "coordinates": [
          170.5088751,
          -45.8643118
        ]
      },
      "id": "node/667890577"
    },
    {
      "type": "Feature",
      "properties": {
        "@id": "node/667893288",
        "caravans": "yes",
        "internet_access": "wlan",
        "name": "Tuatapere Backpackers",
        "tents": "yes",
        "tourism": "hostel"
      },
      "geometry": {
        "type": "Point",
        "coordinates": [
          167.6897872,
          -46.1358263
        ]
      },
      "id": "node/667893288"
    },
    {
      "type": "Feature",
      "properties": {
        "@id": "node/667893293",
        "name": "Freestone Backpackers",
        "tourism": "hostel"
      },
      "geometry": {
        "type": "Point",
        "coordinates": [
          167.6460088,
          -45.5601292
        ]
      },
      "id": "node/667893293"
    },
    {
      "type": "Feature",
      "properties": {
        "@id": "node/670214511",
        "name": "Deco Backpackers",
        "tourism": "hostel"
      },
      "geometry": {
        "type": "Point",
        "coordinates": [
          168.6547615,
          -45.0331554
        ]
      },
      "id": "node/670214511"
    },
    {
      "type": "Feature",
      "properties": {
        "@id": "node/670223792",
        "name": "Fern Lodge",
        "tourism": "hostel"
      },
      "geometry": {
        "type": "Point",
        "coordinates": [
          169.1326163,
          -44.6990265
        ]
      },
      "id": "node/670223792"
    },
    {
      "type": "Feature",
      "properties": {
        "@id": "node/670223804",
        "addr:street": "Sullivan Road",
        "name": "Ivory Tower Backpackers",
        "tourism": "hostel"
      },
      "geometry": {
        "type": "Point",
        "coordinates": [
          170.0188007,
          -43.465985
        ]
      },
      "id": "node/670223804"
    },
    {
      "type": "Feature",
      "properties": {
        "@id": "node/670223814",
        "name": "Wildside Backpackers",
        "tourism": "hostel"
      },
      "geometry": {
        "type": "Point",
        "coordinates": [
          170.590427,
          -43.1533864
        ]
      },
      "id": "node/670223814"
    },
    {
      "type": "Feature",
      "properties": {
        "@id": "way/671009081",
        "contact:facebook": "https://www.facebook.com/peacehavenbackpackers/",
        "email": "peacehavenmarlborough@gmail.com",
        "mobile": "+64 22 357 7557",
        "name": "Peace Haven Backpackers",
        "tourism": "hostel",
        "website": "https://www.peacehavenbackpackers.co.nz/",
        "@geometry": "center"
      },
      "geometry": {
        "type": "Point",
        "coordinates": [
          173.9620134,
          -41.503171
        ]
      },
      "id": "way/671009081"
    },
    {
      "type": "Feature",
      "properties": {
        "@id": "node/701556931",
        "name": "Stockmans Lodge",
        "tourism": "hostel"
      },
      "geometry": {
        "type": "Point",
        "coordinates": [
          175.8004526,
          -39.6866334
        ]
      },
      "id": "node/701556931"
    },
    {
      "type": "Feature",
      "properties": {
        "@id": "node/701556933",
        "name": "Windsor Lodge",
        "tourism": "hostel"
      },
      "geometry": {
        "type": "Point",
        "coordinates": [
          176.0765485,
          -38.7907932
        ]
      },
      "id": "node/701556933"
    },
    {
      "type": "Feature",
      "properties": {
        "@id": "way/704234051",
        "addr:housenumber": "5",
        "addr:street": "Motuariki Lane",
        "addr:suburb": "Lake Tekapo",
        "building": "hotel",
        "capacity": "128",
        "check_date": "2025-12-31",
        "guest_house": "backpacker_hostel",
        "internet_access": "wlan",
        "name": "Haka House Hostels",
        "parcel": "yes",
        "ref:linz:address_id": "2018836",
        "rooms": "42",
        "tourism": "hostel",
        "website": "https://hakahouse.com",
        "@geometry": "center"
      },
      "geometry": {
        "type": "Point",
        "coordinates": [
          170.477931,
          -44.00385
        ]
      },
      "id": "way/704234051"
    },
    {
      "type": "Feature",
      "properties": {
        "@id": "way/753106978",
        "building": "yes",
        "name": "Hartley Arms",
        "tourism": "hostel",
        "@geometry": "center"
      },
      "geometry": {
        "type": "Point",
        "coordinates": [
          169.3157236,
          -45.1864645
        ]
      },
      "id": "way/753106978"
    },
    {
      "type": "Feature",
      "properties": {
        "@id": "way/890911788",
        "addr:city": "Lake Tekapo",
        "addr:housenumber": "10",
        "addr:postcode": "7999",
        "addr:street": "Aorangi Crescent",
        "addr:suburb": "Lake Tekapo",
        "building": "yes",
        "description": "Hostel/Backpackers",
        "name": "Tailor Made Tekapo Accommodation",
        "operator": "Tailor Made Tekapo Accommodation",
        "ref:linz:address_id": "1357979",
        "rooms": "16",
        "tourism": "hostel",
        "website": "https://www.tekapohostelnz.com/",
        "@geometry": "center"
      },
      "geometry": {
        "type": "Point",
        "coordinates": [
          170.4754661,
          -44.0065704
        ]
      },
      "id": "way/890911788"
    },
    {
      "type": "Feature",
      "properties": {
        "@id": "way/893179421",
        "addr:city": "Paihia",
        "addr:country": "NZ",
        "addr:district": "Northland",
        "addr:housenumber": "7",
        "addr:street": "Greys Lane",
        "email": "hello@pickledparrot.co.nz",
        "name": "Pickled Carrot Backpackers",
        "phone": "+64 9 402 6222",
        "tourism": "hostel",
        "website": "https://pickledparrot.co.nz/",
        "@geometry": "center"
      },
      "geometry": {
        "type": "Point",
        "coordinates": [
          174.0958739,
          -35.2885003
        ]
      },
      "id": "way/893179421"
    },
    {
      "type": "Feature",
      "properties": {
        "@id": "node/923951154",
        "name": "Kingsland Lodge",
        "phone": "+64 9 815 2056",
        "tourism": "hostel",
        "website": "https://www.kingslandlodge.co.nz/"
      },
      "geometry": {
        "type": "Point",
        "coordinates": [
          174.7466863,
          -36.8713747
        ]
      },
      "id": "node/923951154"
    },
    {
      "type": "Feature",
      "properties": {
        "@id": "node/972021941",
        "addr:country": "NZ",
        "addr:district": "Coromandel",
        "addr:hamlet": "Colville",
        "addr:housenumber": "2140",
        "addr:postcode": "3584",
        "addr:street": "Colville Road",
        "name": "Colville Farm Holidays",
        "tents": "yes",
        "tourism": "hostel",
        "website": "https://www.colvillefarmholidays.co.nz/"
      },
      "geometry": {
        "type": "Point",
        "coordinates": [
          175.4823071,
          -36.6485694
        ]
      },
      "id": "node/972021941"
    },
    {
      "type": "Feature",
      "properties": {
        "@id": "node/972094568",
        "internet_access": "wlan",
        "internet_access:fee": "no",
        "name": "Funky Green Voyager",
        "tourism": "hostel"
      },
      "geometry": {
        "type": "Point",
        "coordinates": [
          176.2505704,
          -38.1425917
        ]
      },
      "id": "node/972094568"
    },
    {
      "type": "Feature",
      "properties": {
        "@id": "node/972123051",
        "addr:housenumber": "43",
        "addr:street": "Carroll Street",
        "addr:suburb": "National Park",
        "check_date": "2024-10-30",
        "internet_access": "wlan",
        "internet_access:fee": "customers",
        "name": "Howard's Mountain Lodge",
        "phone": "+64 7 892 2827",
        "ref:linz:address_id": "510254",
        "tourism": "hostel",
        "website": "https://www.howardslodge.co.nz/"
      },
      "geometry": {
        "type": "Point",
        "coordinates": [
          175.3964643,
          -39.1719569
        ]
      },
      "id": "node/972123051"
    },
    {
      "type": "Feature",
      "properties": {
        "@id": "node/974061555",
        "internet_access": "wlan",
        "internet_access:fee": "no",
        "name": "Wanaka Bakpaka Hostel",
        "tourism": "hostel"
      },
      "geometry": {
        "type": "Point",
        "coordinates": [
          169.1322589,
          -44.6894167
        ]
      },
      "id": "node/974061555"
    },
    {
      "type": "Feature",
      "properties": {
        "@id": "node/974098872",
        "name": "Barnyard Backpackers",
        "tourism": "hostel"
      },
      "geometry": {
        "type": "Point",
        "coordinates": [
          167.7101296,
          -45.4895678
        ]
      },
      "id": "node/974098872"
    },
    {
      "type": "Feature",
      "properties": {
        "@id": "node/975173913",
        "internet_access": "wlan",
        "name": "Franz Josef Montrose",
        "phone": "+64 3 752 0188",
        "tourism": "hostel",
        "website": "https://www.franzjosefmontrose.co.nz/"
      },
      "geometry": {
        "type": "Point",
        "coordinates": [
          170.1829403,
          -43.3895164
        ]
      },
      "id": "node/975173913"
    },
    {
      "type": "Feature",
      "properties": {
        "@id": "way/982916258",
        "addr:city": "Queenstown",
        "addr:country": "NZ",
        "addr:housenumber": "4",
        "addr:postcode": "9300",
        "addr:region": "Otago",
        "addr:street": "Anderson Heights",
        "building": "yes",
        "contact:email": "book@hippolodge.co.nz",
        "contact:facebook": "hippolodgequeenstown",
        "contact:website": "https://hippolodge.co.nz",
        "name": "Hippo Lodge Backpackers",
        "phone": "+64 3 442 5785",
        "phone:NZ": "0800 447 767",
        "source": "LINZ",
        "tourism": "hostel",
        "wheelchair": "no",
        "@geometry": "center"
      },
      "geometry": {
        "type": "Point",
        "coordinates": [
          168.6638126,
          -45.0282876
        ]
      },
      "id": "way/982916258"
    },
    {
      "type": "Feature",
      "properties": {
        "@id": "way/988769405",
        "building": "yes",
        "building:levels": "3",
        "name": "Snow Farm Lodge",
        "source": "LINZ",
        "tourism": "hostel",
        "@geometry": "center"
      },
      "geometry": {
        "type": "Point",
        "coordinates": [
          169.0923184,
          -44.8777219
        ]
      },
      "id": "way/988769405"
    },
    {
      "type": "Feature",
      "properties": {
        "@id": "node/1046688467",
        "email": "buscotstn@xtra.co.nz",
        "name": "Buscot Station",
        "operator": "Tony Gloag",
        "phone": "+64 3 438 9646",
        "tourism": "hostel"
      },
      "geometry": {
        "type": "Point",
        "coordinates": [
          170.0056959,
          -44.4180084
        ]
      },
      "id": "node/1046688467"
    },
    {
      "type": "Feature",
      "properties": {
        "@id": "node/1067269096",
        "addr:city": "Picton",
        "addr:housenumber": "8",
        "addr:postcode": "7220",
        "addr:street": "Canterbury Street",
        "addr:suburb": "Picton",
        "name": "The Jugglers Rest",
        "ref:linz:address_id": "341738",
        "tents": "3",
        "tourism": "hostel",
        "website": "https://www.jugglersrest.com/"
      },
      "geometry": {
        "type": "Point",
        "coordinates": [
          174.0036768,
          -41.2981007
        ]
      },
      "id": "node/1067269096"
    },
    {
      "type": "Feature",
      "properties": {
        "@id": "node/1085302825",
        "name": "Eden's Edge Backpacker Lodge",
        "tourism": "hostel"
      },
      "geometry": {
        "type": "Point",
        "coordinates": [
          173.0042575,
          -41.0791
        ]
      },
      "id": "node/1085302825"
    },
    {
      "type": "Feature",
      "properties": {
        "@id": "node/1102594438",
        "email": "info@punakaikibeachhostel.co.nz",
        "fax": "+64 3 731 1152",
        "internet_access": "yes",
        "name": "Punakaiki Beach Hostel",
        "phone": "+64 3 731 1852",
        "tourism": "hostel",
        "website": "https://www.punakaikibeachhostel.co.nz/"
      },
      "geometry": {
        "type": "Point",
        "coordinates": [
          171.3350055,
          -42.108224
        ]
      },
      "id": "node/1102594438"
    },
    {
      "type": "Feature",
      "properties": {
        "@id": "way/1126843858",
        "name": "Whatipu Lodge",
        "tourism": "hostel",
        "website": "https://www.whatipulodge.co.nz/",
        "wikidata": "Q122653449",
        "@geometry": "center"
      },
      "geometry": {
        "type": "Point",
        "coordinates": [
          174.5075695,
          -37.0383532
        ]
      },
      "id": "way/1126843858"
    },
    {
      "type": "Feature",
      "properties": {
        "@id": "way/1153176765",
        "building": "yes",
        "internet_access": "wlan",
        "name": "Southern Comfort Backpackers",
        "name:en": "Southern Comfort Backpackers",
        "tourism": "hostel",
        "website": "https://www.southerncomfortbackpackers.com/",
        "@geometry": "center"
      },
      "geometry": {
        "type": "Point",
        "coordinates": [
          168.3488805,
          -46.4045138
        ]
      },
      "id": "way/1153176765"
    },
    {
      "type": "Feature",
      "properties": {
        "@id": "way/1174486125",
        "addr:housenumber": "148",
        "addr:street": "Rangatira Drive",
        "building": "yes",
        "email": "youngdorothy50@gmail.com",
        "mobile": "+64 27 203 7110",
        "name": "Book a Bunk",
        "operator": "Garry and Dorothy",
        "tourism": "hostel",
        "@geometry": "center"
      },
      "geometry": {
        "type": "Point",
        "coordinates": [
          175.7726047,
          -38.3759597
        ]
      },
      "id": "way/1174486125"
    },
    {
      "type": "Feature",
      "properties": {
        "@id": "way/1199664128",
        "addr:city": "Dunedin",
        "addr:housenumber": "25",
        "addr:postcode": "9010",
        "addr:street": "Melrose Street",
        "building": "yes",
        "email": "hostel.manager@obhs.school.nz",
        "guest_house": "student_accommodation",
        "internet_access": "wlan",
        "internet_access:fee": "customers",
        "name": "Laundry, Office, Kitchen, Dining Hall",
        "operator": "Otago Boys High School",
        "phone": "+64 3 477 5109",
        "tourism": "hostel",
        "website": "https://www.obhs.school.nz/boarding",
        "@geometry": "center"
      },
      "geometry": {
        "type": "Point",
        "coordinates": [
          170.4969912,
          -45.8660076
        ]
      },
      "id": "way/1199664128"
    },
    {
      "type": "Feature",
      "properties": {
        "@id": "way/1199664129",
        "addr:city": "Dunedin",
        "addr:housenumber": "25",
        "addr:postcode": "9010",
        "addr:street": "Melrose Street",
        "building": "yes",
        "email": "hostel.manager@obhs.school.nz",
        "guest_house": "student_accommodation",
        "internet_access": "wlan",
        "internet_access:fee": "customers",
        "name": "Sick Bay",
        "operator": "Otago Boys High School",
        "phone": "+64 3 477 5109",
        "rooms": "1",
        "tourism": "hostel",
        "website": "https://www.obhs.school.nz/boarding",
        "@geometry": "center"
      },
      "geometry": {
        "type": "Point",
        "coordinates": [
          170.4973276,
          -45.8661248
        ]
      },
      "id": "way/1199664129"
    },
    {
      "type": "Feature",
      "properties": {
        "@id": "way/1199664130",
        "addr:city": "Dunedin",
        "addr:housenumber": "25",
        "addr:postcode": "9010",
        "addr:street": "Melrose Street",
        "building": "yes",
        "email": "hostel.manager@obhs.school.nz",
        "guest_house": "student_accommodation",
        "internet_access": "wlan",
        "internet_access:fee": "customers",
        "name": "Common Rooms",
        "operator": "Otago Boys High School",
        "phone": "+64 3 477 5109",
        "tourism": "hostel",
        "website": "https://www.obhs.school.nz/boarding",
        "@geometry": "center"
      },
      "geometry": {
        "type": "Point",
        "coordinates": [
          170.4973412,
          -45.8658727
        ]
      },
      "id": "way/1199664130"
    },
    {
      "type": "Feature",
      "properties": {
        "@id": "way/1199664131",
        "addr:city": "Dunedin",
        "addr:housenumber": "25",
        "addr:postcode": "9010",
        "addr:street": "Melrose Street",
        "building": "yes",
        "email": "hostel.manager@obhs.school.nz",
        "guest_house": "student_accommodation",
        "internet_access": "no",
        "name": "Hawthorne Dorm",
        "operator": "Otago Boys High School",
        "phone": "+64 3 477 5109",
        "rooms": "37",
        "tourism": "hostel",
        "website": "https://www.obhs.school.nz/boarding",
        "@geometry": "center"
      },
      "geometry": {
        "type": "Point",
        "coordinates": [
          170.4971546,
          -45.865732
        ]
      },
      "id": "way/1199664131"
    },
    {
      "type": "Feature",
      "properties": {
        "@id": "way/1199664132",
        "addr:city": "Dunedin",
        "addr:housenumber": "25",
        "addr:postcode": "9010",
        "addr:street": "Melrose Street",
        "building": "yes",
        "email": "hostel.manager@obhs.school.nz",
        "guest_house": "student_accommodation",
        "internet_access": "wlan",
        "internet_access:fee": "customers",
        "name": "Thomson Dorm",
        "operator": "Otago Boys High School",
        "phone": "+64 3 477 5109",
        "rooms": "38",
        "tourism": "hostel",
        "website": "https://www.obhs.school.nz/boarding",
        "@geometry": "center"
      },
      "geometry": {
        "type": "Point",
        "coordinates": [
          170.497366,
          -45.8655382
        ]
      },
      "id": "way/1199664132"
    },
    {
      "type": "Feature",
      "properties": {
        "@id": "way/1199664133",
        "addr:city": "Dunedin",
        "addr:housenumber": "25",
        "addr:postcode": "9010",
        "addr:street": "Melrose Street",
        "building": "yes",
        "email": "hostel.manager@obhs.school.nz",
        "guest_house": "student_accommodation",
        "internet_access": "wlan",
        "internet_access:fee": "customers",
        "name": "Campbell Dorm",
        "operator": "Otago Boys High School",
        "tourism": "hostel",
        "website": "https://www.obhs.school.nz/boarding",
        "@geometry": "center"
      },
      "geometry": {
        "type": "Point",
        "coordinates": [
          170.4976535,
          -45.8656554
        ]
      },
      "id": "way/1199664133"
    },
    {
      "type": "Feature",
      "properties": {
        "@id": "way/1199664134",
        "addr:city": "Dunedin",
        "addr:housenumber": "25",
        "addr:postcode": "9010",
        "addr:street": "Melrose Street",
        "building": "yes",
        "email": "hostel.manager@obhs.school.nz",
        "guest_house": "student_accommodation",
        "internet_access": "yes",
        "internet_access:fee": "customers",
        "name": "Nicholson Dorm",
        "operator": "Otago Boys High School",
        "phone": "+64 3 477 5109",
        "tourism": "hostel",
        "website": "https://www.obhs.school.nz/boarding",
        "@geometry": "center"
      },
      "geometry": {
        "type": "Point",
        "coordinates": [
          170.4975288,
          -45.865928
        ]
      },
      "id": "way/1199664134"
    },
    {
      "type": "Feature",
      "properties": {
        "@id": "way/1251947656",
        "building": "yes",
        "name": "Br. Clement House",
        "tourism": "hostel",
        "@geometry": "center"
      },
      "geometry": {
        "type": "Point",
        "coordinates": [
          174.8726863,
          -36.8689481
        ]
      },
      "id": "way/1251947656"
    },
    {
      "type": "Feature",
      "properties": {
        "@id": "way/1251947657",
        "building": "yes",
        "name": "Fr. Champagnat House",
        "tourism": "hostel",
        "@geometry": "center"
      },
      "geometry": {
        "type": "Point",
        "coordinates": [
          174.8723015,
          -36.8688436
        ]
      },
      "id": "way/1251947657"
    },
    {
      "type": "Feature",
      "properties": {
        "@id": "node/1261960750",
        "internet_access": "wlan",
        "name": "Rotten Apple Backpackers",
        "tourism": "hostel"
      },
      "geometry": {
        "type": "Point",
        "coordinates": [
          176.8437668,
          -39.6422183
        ]
      },
      "id": "node/1261960750"
    },
    {
      "type": "Feature",
      "properties": {
        "@id": "node/1268318676",
        "addr:city": "Taupo",
        "addr:housenumber": "20",
        "addr:postcode": "3330",
        "addr:street": "Taniwha Street",
        "name": "YHA Taupo Finlay Jacks Backpackers",
        "smoking": "no",
        "tourism": "hostel"
      },
      "geometry": {
        "type": "Point",
        "coordinates": [
          176.0744775,
          -38.6839769
        ]
      },
      "id": "node/1268318676"
    },
    {
      "type": "Feature",
      "properties": {
        "@id": "way/1275148031",
        "building": "yes",
        "ref:linz:building_id": "1305179",
        "source": "esri/LINZ_NZ_Buildings",
        "tourism": "hostel",
        "@geometry": "center"
      },
      "geometry": {
        "type": "Point",
        "coordinates": [
          175.7147582,
          -37.5385935
        ]
      },
      "id": "way/1275148031"
    },
    {
      "type": "Feature",
      "properties": {
        "@id": "way/1291291551",
        "name": "Adventure Wanaka Hostel",
        "tourism": "hostel",
        "@geometry": "center"
      },
      "geometry": {
        "type": "Point",
        "coordinates": [
          169.1370013,
          -44.696591
        ]
      },
      "id": "way/1291291551"
    },
    {
      "type": "Feature",
      "properties": {
        "@id": "way/1337070338",
        "name": "Weatly Downs Farmstay and Backpackers",
        "tourism": "hostel",
        "@geometry": "center"
      },
      "geometry": {
        "type": "Point",
        "coordinates": [
          174.3538092,
          -39.5452299
        ]
      },
      "id": "way/1337070338"
    },
    {
      "type": "Feature",
      "properties": {
        "@id": "way/1337572142",
        "name": "Ducks and Drakes",
        "tourism": "hostel",
        "website": "https://www.ducksanddrakes.co.nz",
        "@geometry": "center"
      },
      "geometry": {
        "type": "Point",
        "coordinates": [
          174.0808699,
          -39.0589435
        ]
      },
      "id": "way/1337572142"
    },
    {
      "type": "Feature",
      "properties": {
        "@id": "way/1369826772",
        "building": "yes",
        "tourism": "hostel",
        "@geometry": "center"
      },
      "geometry": {
        "type": "Point",
        "coordinates": [
          175.7381824,
          -36.8391185
        ]
      },
      "id": "way/1369826772"
    },
    {
      "type": "Feature",
      "properties": {
        "@id": "way/1369826773",
        "building": "yes",
        "tourism": "hostel",
        "@geometry": "center"
      },
      "geometry": {
        "type": "Point",
        "coordinates": [
          175.7381395,
          -36.8391581
        ]
      },
      "id": "way/1369826773"
    },
    {
      "type": "Feature",
      "properties": {
        "@id": "way/1369826774",
        "building": "yes",
        "tourism": "hostel",
        "@geometry": "center"
      },
      "geometry": {
        "type": "Point",
        "coordinates": [
          175.7382488,
          -36.8391583
        ]
      },
      "id": "way/1369826774"
    },
    {
      "type": "Feature",
      "properties": {
        "@id": "way/1369826775",
        "building": "yes",
        "tourism": "hostel",
        "@geometry": "center"
      },
      "geometry": {
        "type": "Point",
        "coordinates": [
          175.7383114,
          -36.8391831
        ]
      },
      "id": "way/1369826775"
    },
    {
      "type": "Feature",
      "properties": {
        "@id": "way/1369826776",
        "building": "yes",
        "tourism": "hostel",
        "@geometry": "center"
      },
      "geometry": {
        "type": "Point",
        "coordinates": [
          175.738213,
          -36.8392039
        ]
      },
      "id": "way/1369826776"
    },
    {
      "type": "Feature",
      "properties": {
        "@id": "way/1369826777",
        "building": "yes",
        "tourism": "hostel",
        "@geometry": "center"
      },
      "geometry": {
        "type": "Point",
        "coordinates": [
          175.7382875,
          -36.8392281
        ]
      },
      "id": "way/1369826777"
    },
    {
      "type": "Feature",
      "properties": {
        "@id": "way/1369826778",
        "building": "yes",
        "tourism": "hostel",
        "@geometry": "center"
      },
      "geometry": {
        "type": "Point",
        "coordinates": [
          175.7385264,
          -36.8392638
        ]
      },
      "id": "way/1369826778"
    },
    {
      "type": "Feature",
      "properties": {
        "@id": "way/1369826779",
        "building": "yes",
        "tourism": "hostel",
        "@geometry": "center"
      },
      "geometry": {
        "type": "Point",
        "coordinates": [
          175.7385953,
          -36.8392912
        ]
      },
      "id": "way/1369826779"
    },
    {
      "type": "Feature",
      "properties": {
        "@id": "way/1369826780",
        "building": "yes",
        "tourism": "hostel",
        "@geometry": "center"
      },
      "geometry": {
        "type": "Point",
        "coordinates": [
          175.738487,
          -36.8393091
        ]
      },
      "id": "way/1369826780"
    },
    {
      "type": "Feature",
      "properties": {
        "@id": "way/1369826781",
        "building": "yes",
        "tourism": "hostel",
        "@geometry": "center"
      },
      "geometry": {
        "type": "Point",
        "coordinates": [
          175.7385792,
          -36.8393425
        ]
      },
      "id": "way/1369826781"
    },
    {
      "type": "Feature",
      "properties": {
        "@id": "way/1369826783",
        "building": "yes",
        "tourism": "hostel",
        "@geometry": "center"
      },
      "geometry": {
        "type": "Point",
        "coordinates": [
          175.7389967,
          -36.8394938
        ]
      },
      "id": "way/1369826783"
    },
    {
      "type": "Feature",
      "properties": {
        "@id": "way/1369826784",
        "building": "yes",
        "tourism": "hostel",
        "@geometry": "center"
      },
      "geometry": {
        "type": "Point",
        "coordinates": [
          175.7391139,
          -36.83948
        ]
      },
      "id": "way/1369826784"
    },
    {
      "type": "Feature",
      "properties": {
        "@id": "way/1369826785",
        "building": "yes",
        "tourism": "hostel",
        "@geometry": "center"
      },
      "geometry": {
        "type": "Point",
        "coordinates": [
          175.7390646,
          -36.8395212
        ]
      },
      "id": "way/1369826785"
    },
    {
      "type": "Feature",
      "properties": {
        "@id": "way/1369826786",
        "building": "yes",
        "tourism": "hostel",
        "@geometry": "center"
      },
      "geometry": {
        "type": "Point",
        "coordinates": [
          175.7391738,
          -36.8395191
        ]
      },
      "id": "way/1369826786"
    },
    {
      "type": "Feature",
      "properties": {
        "@id": "way/1369826787",
        "building": "yes",
        "tourism": "hostel",
        "@geometry": "center"
      },
      "geometry": {
        "type": "Point",
        "coordinates": [
          175.7391467,
          -36.8395629
        ]
      },
      "id": "way/1369826787"
    },
    {
      "type": "Feature",
      "properties": {
        "@id": "node/1373476096",
        "name": "Kiwi Paka - Waitomo",
        "tourism": "hostel"
      },
      "geometry": {
        "type": "Point",
        "coordinates": [
          175.1086503,
          -38.2621429
        ]
      },
      "id": "node/1373476096"
    },
    {
      "type": "Feature",
      "properties": {
        "@id": "node/1375530398",
        "addr:street": "Moana Road",
        "email": "info@moanalodge.co.nz",
        "name": "Moana Lodge",
        "phone": "+64 4 233 2010",
        "tourism": "hostel",
        "website": "https://www.moana-lodge-accommodation.co.nz/"
      },
      "geometry": {
        "type": "Point",
        "coordinates": [
          174.8584547,
          -41.0738778
        ]
      },
      "id": "node/1375530398"
    },
    {
      "type": "Feature",
      "properties": {
        "@id": "node/1417600953",
        "brand": "Haka Lodge",
        "email": "taupo@hakalodge.com",
        "name": "Haka Lodge Taupō",
        "phone": "+64 7 377 0068",
        "tourism": "hostel",
        "website": "https://hakalodges.com/taupo/",
        "wikidata": "Q111118305"
      },
      "geometry": {
        "type": "Point",
        "coordinates": [
          176.0773208,
          -38.6875493
        ]
      },
      "id": "node/1417600953"
    },
    {
      "type": "Feature",
      "properties": {
        "@id": "way/1452763408",
        "alt_name": "YHA Lakefront",
        "email": "queenstown@hakahouse.com",
        "landuse": "commercial",
        "name": "Haka House Queenstown Lakefront",
        "source": "http://goo.gl/5HjJz",
        "tourism": "hostel",
        "website": "https://hakahouse.com/queenstown-lakefront/",
        "@geometry": "center"
      },
      "geometry": {
        "type": "Point",
        "coordinates": [
          168.6494887,
          -45.0364137
        ]
      },
      "id": "way/1452763408"
    },
    {
      "type": "Feature",
      "properties": {
        "@id": "way/1495775015",
        "addr:city": "Auckland",
        "addr:housenumber": "17",
        "addr:postcode": "1026",
        "addr:street": "Riversdale Road",
        "addr:suburb": "Avondale",
        "building": "no",
        "email": "pbrown@yourenglishmentor.com",
        "internet_access": "yes",
        "internet_access:fee": "customers",
        "name": "Compass Accommodation",
        "phone": "+64 27 289 3630",
        "ref:linz:address_id": "1026097",
        "rooms": "26",
        "tourism": "hostel",
        "website": "https://www.compassaccommodation.com/17-riversdale-rd-avondale",
        "@geometry": "center"
      },
      "geometry": {
        "type": "Point",
        "coordinates": [
          174.6860066,
          -36.8914477
        ]
      },
      "id": "way/1495775015"
    },
    {
      "type": "Feature",
      "properties": {
        "@id": "node/1505042572",
        "check_date": "2024-03-17",
        "name": "Downtown Backpackers",
        "name:en": "Downtown Backpackers",
        "name:ja": "ダウンタウン・バックパッカーズ",
        "tourism": "hostel",
        "wikidata": "Q111116459"
      },
      "geometry": {
        "type": "Point",
        "coordinates": [
          176.2535949,
          -38.136107
        ]
      },
      "id": "node/1505042572"
    },
    {
      "type": "Feature",
      "properties": {
        "@id": "node/1578823026",
        "name": "Backpackers",
        "tourism": "hostel"
      },
      "geometry": {
        "type": "Point",
        "coordinates": [
          175.8115006,
          -38.9887737
        ]
      },
      "id": "node/1578823026"
    },
    {
      "type": "Feature",
      "properties": {
        "@id": "node/1578823037",
        "name": "Extreme Backpackers",
        "tourism": "hostel"
      },
      "geometry": {
        "type": "Point",
        "coordinates": [
          175.8111417,
          -38.988522
        ]
      },
      "id": "node/1578823037"
    },
    {
      "type": "Feature",
      "properties": {
        "@id": "node/1578823078",
        "name": "Riverstone Backpackers",
        "tourism": "hostel"
      },
      "geometry": {
        "type": "Point",
        "coordinates": [
          175.8119575,
          -38.9853107
        ]
      },
      "id": "node/1578823078"
    },
    {
      "type": "Feature",
      "properties": {
        "@id": "node/1578908620",
        "name": "National Park Backpackers",
        "tourism": "hostel"
      },
      "geometry": {
        "type": "Point",
        "coordinates": [
          175.4011284,
          -39.1748115
        ]
      },
      "id": "node/1578908620"
    },
    {
      "type": "Feature",
      "properties": {
        "@id": "node/1578908628",
        "name": "Ski Haus Packpackers",
        "tourism": "hostel"
      },
      "geometry": {
        "type": "Point",
        "coordinates": [
          175.394942,
          -39.1714638
        ]
      },
      "id": "node/1578908628"
    },
    {
      "type": "Feature",
      "properties": {
        "@id": "node/1578908638",
        "addr:housenumber": "4",
        "addr:street": "Findlay Street",
        "name": "YHA Hostel",
        "tourism": "hostel"
      },
      "geometry": {
        "type": "Point",
        "coordinates": [
          175.4013011,
          -39.1748102
        ]
      },
      "id": "node/1578908638"
    },
    {
      "type": "Feature",
      "properties": {
        "@id": "node/1578948615",
        "name": "International Airport Backpackers",
        "tourism": "hostel"
      },
      "geometry": {
        "type": "Point",
        "coordinates": [
          175.2796049,
          -39.427257
        ]
      },
      "id": "node/1578948615"
    },
    {
      "type": "Feature",
      "properties": {
        "@id": "node/1578991161",
        "check_date": "2025-01-04",
        "name": "LKNZ Lodge",
        "tourism": "hostel"
      },
      "geometry": {
        "type": "Point",
        "coordinates": [
          175.3969108,
          -39.4165228
        ]
      },
      "id": "node/1578991161"
    },
    {
      "type": "Feature",
      "properties": {
        "@id": "node/1578991206",
        "name": "Venture Lodge",
        "tourism": "hostel"
      },
      "geometry": {
        "type": "Point",
        "coordinates": [
          175.3807118,
          -39.4094389
        ]
      },
      "id": "node/1578991206"
    },
    {
      "type": "Feature",
      "properties": {
        "@id": "node/1601910530",
        "name": "The Pinnacles Backpackers",
        "tourism": "hostel"
      },
      "geometry": {
        "type": "Point",
        "coordinates": [
          175.8495047,
          -36.9957065
        ]
      },
      "id": "node/1601910530"
    },
    {
      "type": "Feature",
      "properties": {
        "@id": "node/1613905485",
        "name": "Backpackers",
        "tourism": "hostel"
      },
      "geometry": {
        "type": "Point",
        "coordinates": [
          176.3352404,
          -37.7894564
        ]
      },
      "id": "node/1613905485"
    },
    {
      "type": "Feature",
      "properties": {
        "@id": "node/1613920072",
        "name": "Beach Villa Backpackers",
        "tourism": "hostel"
      },
      "geometry": {
        "type": "Point",
        "coordinates": [
          175.8483584,
          -37.0050535
        ]
      },
      "id": "node/1613920072"
    },
    {
      "type": "Feature",
      "properties": {
        "@id": "node/1613920086",
        "name": "Tairua Beach House Backpackers",
        "tourism": "hostel"
      },
      "geometry": {
        "type": "Point",
        "coordinates": [
          175.8528229,
          -36.9933733
        ]
      },
      "id": "node/1613920086"
    },
    {
      "type": "Feature",
      "properties": {
        "@id": "node/1617023447",
        "internet_access": "wlan",
        "name": "Solscape",
        "tourism": "hostel",
        "website": "https://www.solscape.co.nz/"
      },
      "geometry": {
        "type": "Point",
        "coordinates": [
          174.8201841,
          -37.82655
        ]
      },
      "id": "node/1617023447"
    },
    {
      "type": "Feature",
      "properties": {
        "@id": "node/1648170910",
        "name": "Fern Lodge",
        "tourism": "hostel"
      },
      "geometry": {
        "type": "Point",
        "coordinates": [
          173.2909955,
          -41.2761902
        ]
      },
      "id": "node/1648170910"
    },
    {
      "type": "Feature",
      "properties": {
        "@id": "node/1655730545",
        "name": "Globetrekkers Lodge",
        "tourism": "hostel"
      },
      "geometry": {
        "type": "Point",
        "coordinates": [
          173.3901847,
          -35.5319471
        ]
      },
      "id": "node/1655730545"
    },
    {
      "type": "Feature",
      "properties": {
        "@id": "node/1657132237",
        "name": "Ray's Roost",
        "tourism": "hostel"
      },
      "geometry": {
        "type": "Point",
        "coordinates": [
          174.1287303,
          -35.2641575
        ]
      },
      "id": "node/1657132237"
    },
    {
      "type": "Feature",
      "properties": {
        "@id": "node/1681309131",
        "name": "Microtel Backpackers",
        "tourism": "hostel"
      },
      "geometry": {
        "type": "Point",
        "coordinates": [
          175.2724439,
          -37.7780415
        ]
      },
      "id": "node/1681309131"
    },
    {
      "type": "Feature",
      "properties": {
        "@id": "node/1754197595",
        "addr:housenumber": "21",
        "addr:street": "Potae Street",
        "name": "Stranded in Paradise Backpackers",
        "phone": "+64 27 332 6506",
        "tourism": "hostel",
        "website": "https://www.stranded-in-paradise.net/"
      },
      "geometry": {
        "type": "Point",
        "coordinates": [
          178.3149961,
          -38.1250421
        ]
      },
      "id": "node/1754197595"
    },
    {
      "type": "Feature",
      "properties": {
        "@id": "node/1785471820",
        "addr:city": "Oturehua",
        "addr:housenumber": "3365",
        "addr:postcode": "9387",
        "addr:street": "Ida Valley - Omakau Road",
        "description": "Various types of accommodation.  Tenting, Backpackers hostel, self-contained cabins, powered sites for motorhomes.  200m from Central Otago Rail trail.  200m from General Store, Tavern with children's playground.",
        "email": "crowsnestnz@gmail.com",
        "internet_access:fee": "no",
        "motorhome": "yes",
        "name": "Crows Nest",
        "payment:cash": "yes",
        "payment:credit_cards": "yes",
        "phone": "+64 3 444 5063",
        "rooms": "4",
        "smoking": "outside",
        "tourism": "hostel",
        "website": "http://www.crowsnestotago.co.nz",
        "wheelchair": "yes"
      },
      "geometry": {
        "type": "Point",
        "coordinates": [
          169.9136565,
          -45.0055415
        ]
      },
      "id": "node/1785471820"
    },
    {
      "type": "Feature",
      "properties": {
        "@id": "node/1868748996",
        "check_date": "2025-06-22",
        "name": "Tamara's Backpacker",
        "tourism": "hostel"
      },
      "geometry": {
        "type": "Point",
        "coordinates": [
          175.0525849,
          -39.9260521
        ]
      },
      "id": "node/1868748996"
    },
    {
      "type": "Feature",
      "properties": {
        "@id": "node/1914261889",
        "name": "Okarito Historic Hostel",
        "tourism": "hostel"
      },
      "geometry": {
        "type": "Point",
        "coordinates": [
          170.1627412,
          -43.2238281
        ]
      },
      "id": "node/1914261889"
    },
    {
      "type": "Feature",
      "properties": {
        "@id": "node/2031119692",
        "name": "Lakeside Backpackers",
        "source": "http://goo.gl/FALJR",
        "tourism": "hostel"
      },
      "geometry": {
        "type": "Point",
        "coordinates": [
          168.653949,
          -45.0343976
        ]
      },
      "id": "node/2031119692"
    },
    {
      "type": "Feature",
      "properties": {
        "@id": "node/2041593504",
        "addr:city": "Westport",
        "addr:housenumber": "56",
        "addr:street": "Russell Street",
        "addr:suburb": "Westport",
        "guest_house": "hostel",
        "internet_access": "wlan",
        "name": "Bazil's Hostel & Surf School",
        "ref:linz:address_id": "293501",
        "sanitary_dump_station": "yes",
        "tourism": "hostel",
        "website": "https://www.bazils.com"
      },
      "geometry": {
        "type": "Point",
        "coordinates": [
          171.599575,
          -41.754112
        ]
      },
      "id": "node/2041593504"
    },
    {
      "type": "Feature",
      "properties": {
        "@id": "node/2043352902",
        "name": "Dolphin Lodge Backpackers",
        "tourism": "hostel"
      },
      "geometry": {
        "type": "Point",
        "coordinates": [
          173.682465,
          -42.4038358
        ]
      },
      "id": "node/2043352902"
    },
    {
      "type": "Feature",
      "properties": {
        "@id": "node/2089728748",
        "name": "Swampys",
        "source": "http://www.swampys.co.nz/",
        "tourism": "hostel"
      },
      "geometry": {
        "type": "Point",
        "coordinates": [
          173.9628416,
          -41.4605847
        ]
      },
      "id": "node/2089728748"
    },
    {
      "type": "Feature",
      "properties": {
        "@id": "node/2100738962",
        "name": "Adventure Taupo Hostel",
        "tourism": "hostel"
      },
      "geometry": {
        "type": "Point",
        "coordinates": [
          176.0748465,
          -38.6895113
        ]
      },
      "id": "node/2100738962"
    },
    {
      "type": "Feature",
      "properties": {
        "@id": "node/2131815073",
        "addr:housename": "1271",
        "addr:street": "Hinemaru",
        "name": "Crash Palace",
        "source": "bing",
        "tourism": "hostel"
      },
      "geometry": {
        "type": "Point",
        "coordinates": [
          176.2552029,
          -38.1385264
        ]
      },
      "id": "node/2131815073"
    },
    {
      "type": "Feature",
      "properties": {
        "@id": "node/2158104000",
        "addr:city": "Hastings",
        "addr:housenumber": "405",
        "addr:postcode": "4122",
        "addr:street": "Southland Road",
        "addr:suburb": "Hastings",
        "internet_access": "wlan",
        "name": "AJs Backpacker",
        "ref:linz:address_id": "607816",
        "source": "local knowledge",
        "tourism": "hostel"
      },
      "geometry": {
        "type": "Point",
        "coordinates": [
          176.83515,
          -39.6402502
        ]
      },
      "id": "node/2158104000"
    },
    {
      "type": "Feature",
      "properties": {
        "@id": "node/2163173711",
        "name": "Half Moon Cottage",
        "tourism": "hostel"
      },
      "geometry": {
        "type": "Point",
        "coordinates": [
          172.9131083,
          -43.758835
        ]
      },
      "id": "node/2163173711"
    },
    {
      "type": "Feature",
      "properties": {
        "@id": "node/2206314446",
        "addr:city": "Hastings",
        "addr:country": "NZ",
        "addr:housenumber": "1000",
        "addr:postcode": "4120",
        "addr:street": "pakowhai Road",
        "name": "Eco Lodge",
        "tourism": "hostel"
      },
      "geometry": {
        "type": "Point",
        "coordinates": [
          176.8435311,
          -39.6216002
        ]
      },
      "id": "node/2206314446"
    },
    {
      "type": "Feature",
      "properties": {
        "@id": "node/2246820883",
        "name": "Rata Lodge",
        "tourism": "hostel"
      },
      "geometry": {
        "type": "Point",
        "coordinates": [
          171.56258,
          -42.8354289
        ]
      },
      "id": "node/2246820883"
    },
    {
      "type": "Feature",
      "properties": {
        "@id": "node/2259659093",
        "addr:city": "Palmerston North",
        "addr:housenumber": "163",
        "addr:postcode": "4410",
        "addr:street": "Fitzherbert Avenue",
        "email": "info@bsh.nz",
        "guest_house": "student_accommodation",
        "name": "Baptist Student Hostel",
        "phone": "+64 6 355 5107",
        "tourism": "hostel",
        "website": "https://bsh.nz"
      },
      "geometry": {
        "type": "Point",
        "coordinates": [
          175.6166246,
          -40.3626843
        ]
      },
      "id": "node/2259659093"
    },
    {
      "type": "Feature",
      "properties": {
        "@id": "node/2261562335",
        "name": "Huha Bike Hostel",
        "tents": "yes",
        "tourism": "hostel"
      },
      "geometry": {
        "type": "Point",
        "coordinates": [
          172.6817863,
          -41.6420765
        ]
      },
      "id": "node/2261562335"
    },
    {
      "type": "Feature",
      "properties": {
        "@id": "node/2292017760",
        "addr:city": "Nelson",
        "addr:housenumber": "252",
        "addr:postcode": "7010",
        "addr:street": "Haven Road",
        "addr:suburb": "Stepneyville",
        "name": "The Customhouse",
        "ref:linz:address_id": "313451",
        "tourism": "hostel",
        "wheelchair": "no"
      },
      "geometry": {
        "type": "Point",
        "coordinates": [
          173.2704421,
          -41.2629485
        ]
      },
      "id": "node/2292017760"
    },
    {
      "type": "Feature",
      "properties": {
        "@id": "node/2293226634",
        "name": "Auroratech Backpackers",
        "tourism": "hostel",
        "wheelchair": "limited"
      },
      "geometry": {
        "type": "Point",
        "coordinates": [
          173.2841401,
          -41.2723559
        ]
      },
      "id": "node/2293226634"
    },
    {
      "type": "Feature",
      "properties": {
        "@id": "node/2297964459",
        "addr:housenumber": "8",
        "addr:street": "Bridge Street",
        "check_date": "2025-10-16",
        "email": "relax@bridgebackpackers.co.nz",
        "name": "Bridge Street Backpackers",
        "name:en": "Bridge Street Backpackers",
        "name:old": "Bumble Backpackers",
        "phone": "+64 3 548 0022",
        "tourism": "hostel",
        "website": "https://bridgebackpackers.co.nz",
        "wheelchair": "no"
      },
      "geometry": {
        "type": "Point",
        "coordinates": [
          173.2814665,
          -41.2726011
        ]
      },
      "id": "node/2297964459"
    },
    {
      "type": "Feature",
      "properties": {
        "@id": "node/2336715459",
        "name": "Pallace Backpackers",
        "tourism": "hostel",
        "wheelchair": "no"
      },
      "geometry": {
        "type": "Point",
        "coordinates": [
          173.2802793,
          -41.2748441
        ]
      },
      "id": "node/2336715459"
    },
    {
      "type": "Feature",
      "properties": {
        "@id": "node/2354674935",
        "name": "Martins Bay Lodge",
        "tourism": "hostel"
      },
      "geometry": {
        "type": "Point",
        "coordinates": [
          168.0144841,
          -44.3689158
        ]
      },
      "id": "node/2354674935"
    },
    {
      "type": "Feature",
      "properties": {
        "@id": "node/2451329913",
        "name": "Rotoiti Lodge",
        "tourism": "hostel",
        "website": "https://www.rotoitilodge.co.nz/"
      },
      "geometry": {
        "type": "Point",
        "coordinates": [
          172.8368416,
          -41.8023573
        ]
      },
      "id": "node/2451329913"
    },
    {
      "type": "Feature",
      "properties": {
        "@id": "node/2480844311",
        "name": "Bon Accord Backpackers",
        "tourism": "hostel"
      },
      "geometry": {
        "type": "Point",
        "coordinates": [
          172.967975,
          -43.8043971
        ]
      },
      "id": "node/2480844311"
    },
    {
      "type": "Feature",
      "properties": {
        "@id": "node/2509146408",
        "addr:city": "Hamilton",
        "addr:housenumber": "937",
        "addr:postcode": "3204",
        "addr:street": "Victoria Street",
        "addr:suburb": "Hamilton Central",
        "name": "Eagles Nest Backpackers",
        "ref:linz:address_id": "682088",
        "tourism": "hostel",
        "website": "http://eagles-nest-backpackers-hostel.northislandnz.net"
      },
      "geometry": {
        "type": "Point",
        "coordinates": [
          175.276191,
          -37.7801003
        ]
      },
      "id": "node/2509146408"
    },
    {
      "type": "Feature",
      "properties": {
        "@id": "node/2559254280",
        "addr:city": "Blenheim",
        "addr:housenumber": "33",
        "addr:postcode": "7201",
        "addr:street": "Main Street",
        "addr:suburb": "Blenheim",
        "email": "koanui@xtra.co.nz",
        "internet_access": "wlan",
        "internet_access:fee": "yes",
        "name": "Koanui Lodge & Backpackers",
        "name:en": "Koanui Lodge & Backpackers",
        "opening_hours": "Mo-Su 08:30-15:00, 17:00-20:00",
        "ref:linz:address_id": "337669",
        "tourism": "hostel"
      },
      "geometry": {
        "type": "Point",
        "coordinates": [
          173.9635084,
          -41.5131632
        ]
      },
      "id": "node/2559254280"
    },
    {
      "type": "Feature",
      "properties": {
        "@id": "node/2559254289",
        "internet_access": "wlan",
        "internet_access:fee": "yes",
        "name": "The Grapevine Backpackers",
        "tourism": "hostel"
      },
      "geometry": {
        "type": "Point",
        "coordinates": [
          173.9669259,
          -41.5123199
        ]
      },
      "id": "node/2559254289"
    },
    {
      "type": "Feature",
      "properties": {
        "@id": "node/2585406503",
        "name": "The Crossroads Backpackers Lodge",
        "tourism": "hostel"
      },
      "geometry": {
        "type": "Point",
        "coordinates": [
          175.4479109,
          -36.2345533
        ]
      },
      "id": "node/2585406503"
    },
    {
      "type": "Feature",
      "properties": {
        "@id": "node/2587485103",
        "name": "Clutha Gold Cottages",
        "tourism": "hostel"
      },
      "geometry": {
        "type": "Point",
        "coordinates": [
          169.3198192,
          -45.5305904
        ]
      },
      "id": "node/2587485103"
    },
    {
      "type": "Feature",
      "properties": {
        "@id": "node/2588672801",
        "internet_access": "wlan",
        "internet_access:fee": "yes",
        "name": "The Commercial",
        "tourism": "hostel",
        "wheelchair": "no"
      },
      "geometry": {
        "type": "Point",
        "coordinates": [
          169.3149796,
          -45.5404431
        ]
      },
      "id": "node/2588672801"
    },
    {
      "type": "Feature",
      "properties": {
        "@id": "node/2588684439",
        "internet_access": "yes",
        "name": "Villa Rose",
        "phone": "+64 3 446 8761",
        "tourism": "hostel",
        "website": "www.villarose.co.nz"
      },
      "geometry": {
        "type": "Point",
        "coordinates": [
          169.3123151,
          -45.5394471
        ]
      },
      "id": "node/2588684439"
    },
    {
      "type": "Feature",
      "properties": {
        "@id": "node/2607365937",
        "name": "Chateau Franz",
        "tourism": "hostel"
      },
      "geometry": {
        "type": "Point",
        "coordinates": [
          170.1836355,
          -43.3893069
        ]
      },
      "id": "node/2607365937"
    },
    {
      "type": "Feature",
      "properties": {
        "@id": "node/2607365942",
        "name": "Glow Worm Accomodation",
        "tourism": "hostel"
      },
      "geometry": {
        "type": "Point",
        "coordinates": [
          170.1830058,
          -43.3878771
        ]
      },
      "id": "node/2607365942"
    },
    {
      "type": "Feature",
      "properties": {
        "@id": "node/2611764724",
        "name": "Mountain View Backpackers",
        "tourism": "hostel"
      },
      "geometry": {
        "type": "Point",
        "coordinates": [
          169.1395351,
          -44.6955349
        ]
      },
      "id": "node/2611764724"
    },
    {
      "type": "Feature",
      "properties": {
        "@id": "node/2662690169",
        "addr:housenumber": "73",
        "addr:street": "Brownston Street",
        "addr:suburb": "Wānaka",
        "name": "The Brownston",
        "ref:linz:address_id": "8248",
        "tourism": "hostel"
      },
      "geometry": {
        "type": "Point",
        "coordinates": [
          169.1349298,
          -44.6969155
        ]
      },
      "id": "node/2662690169"
    },
    {
      "type": "Feature",
      "properties": {
        "@id": "node/2680086734",
        "name": "Zula Lodge",
        "phone": "+64 3 443 9487",
        "tourism": "hostel",
        "website": "https://zulalodge.co.nz"
      },
      "geometry": {
        "type": "Point",
        "coordinates": [
          169.1905108,
          -44.6831121
        ]
      },
      "id": "node/2680086734"
    },
    {
      "type": "Feature",
      "properties": {
        "@id": "node/2691912450",
        "addr:city": "Invercargill",
        "addr:housenumber": "30/32",
        "addr:street": "Dee Street",
        "name": "Tuatara Backpackers Lodge",
        "opening_hours": "Mo-Sa 07:00-21:00; Su 07:00-20:00",
        "phone": "+64 3 214 0954",
        "phone:NZ": "0800 488 28272",
        "tourism": "hostel",
        "website": "https://www.tuataralodge.co.nz/"
      },
      "geometry": {
        "type": "Point",
        "coordinates": [
          168.3469382,
          -46.4114892
        ]
      },
      "id": "node/2691912450"
    },
    {
      "type": "Feature",
      "properties": {
        "@id": "node/2692188529",
        "addr:city": "Kaikōura",
        "addr:housenumber": "67",
        "addr:postcode": "7300",
        "addr:street": "Beach Road",
        "addr:suburb": "Kaikōura",
        "internet_access": "wlan",
        "name": "Dusky Lodge And Backpackers",
        "phone": "+64 3 319 5959",
        "ref:linz:address_id": "328935",
        "tourism": "hostel",
        "website": "http://www.duskylodge.com/booking.htm"
      },
      "geometry": {
        "type": "Point",
        "coordinates": [
          173.678712,
          -42.3940141
        ]
      },
      "id": "node/2692188529"
    },
    {
      "type": "Feature",
      "properties": {
        "@id": "node/2772173948",
        "addr:housenumber": "17",
        "addr:street": "Carroll Street",
        "name": "Plateau Lodge",
        "phone": "+64 7 892 2993",
        "tourism": "hostel",
        "website": "https://www.plateaulodge.co.nz/"
      },
      "geometry": {
        "type": "Point",
        "coordinates": [
          175.3998739,
          -39.1724069
        ]
      },
      "id": "node/2772173948"
    },
    {
      "type": "Feature",
      "properties": {
        "@id": "node/2865556874",
        "addr:housenumber": "11",
        "addr:street": "Hekerua Road",
        "addr:suburb": "Oneroa",
        "name": "Hekerua Lodge Backpackers",
        "phone": "+64 9 372 8990",
        "ref:linz:address_id": "1283964",
        "tourism": "hostel",
        "website": "hekerualodge.co nz"
      },
      "geometry": {
        "type": "Point",
        "coordinates": [
          175.0226739,
          -36.7862198
        ]
      },
      "id": "node/2865556874"
    },
    {
      "type": "Feature",
      "properties": {
        "@id": "node/2896987244",
        "name": "Greenhouse Backpackers",
        "tourism": "hostel"
      },
      "geometry": {
        "type": "Point",
        "coordinates": [
          173.8682027,
          -35.9388555
        ]
      },
      "id": "node/2896987244"
    },
    {
      "type": "Feature",
      "properties": {
        "@id": "node/2905130443",
        "check_date": "2026-06-02",
        "name": "BK Hostel",
        "tourism": "hostel"
      },
      "geometry": {
        "type": "Point",
        "coordinates": [
          174.7589172,
          -36.8580724
        ]
      },
      "id": "node/2905130443"
    },
    {
      "type": "Feature",
      "properties": {
        "@id": "node/2919441100",
        "name": "YMCA Shakespear Lodge",
        "tourism": "hostel"
      },
      "geometry": {
        "type": "Point",
        "coordinates": [
          174.8187426,
          -36.6130155
        ]
      },
      "id": "node/2919441100"
    },
    {
      "type": "Feature",
      "properties": {
        "@id": "node/3211914148",
        "addr:city": "Te Kuiti",
        "addr:country": "NZ",
        "contact:email": "junowaitomo@xtra.co.nz",
        "contact:fax": "+64 7 878 7649",
        "contact:website": "www.junowaitomo.co.nz",
        "name": "YHA Waitomo Juno Hall Backpackers",
        "opening_hours": "Mo-Su 08:00-19:00",
        "phone": "+64 7 878 7649",
        "tourism": "hostel",
        "website": "http://www.bbh.co.nz/hd94/Juno-Hall-Backpackers-in-Waitomo-Caves-New-Zealand.html"
      },
      "geometry": {
        "type": "Point",
        "coordinates": [
          175.1227076,
          -38.2643741
        ]
      },
      "id": "node/3211914148"
    },
    {
      "type": "Feature",
      "properties": {
        "@id": "node/3248792849",
        "name": "Cap'n Bob's Beach House",
        "tourism": "hostel"
      },
      "geometry": {
        "type": "Point",
        "coordinates": [
          174.0842271,
          -35.2788362
        ]
      },
      "id": "node/3248792849"
    },
    {
      "type": "Feature",
      "properties": {
        "@id": "node/3254653306",
        "internet_access": "wlan",
        "internet_access:fee": "no",
        "name": "Manor house backpackers",
        "tourism": "hostel"
      },
      "geometry": {
        "type": "Point",
        "coordinates": [
          170.4971926,
          -45.8824107
        ]
      },
      "id": "node/3254653306"
    },
    {
      "type": "Feature",
      "properties": {
        "@id": "node/3331669520",
        "addr:city": "Christchurch",
        "addr:country": "NZ",
        "addr:housenumber": "257",
        "addr:street": "Bealey Street",
        "name": "Canterbury House",
        "tourism": "hostel"
      },
      "geometry": {
        "type": "Point",
        "coordinates": [
          172.6438829,
          -43.5199411
        ]
      },
      "id": "node/3331669520"
    },
    {
      "type": "Feature",
      "properties": {
        "@id": "node/3351744348",
        "email": "stay@thomascatlins.co.nz",
        "name": "Thomas's Catlins Lodge & Holiday Park",
        "phone": "+64 3 415 8333",
        "tourism": "hostel",
        "website": "https://www.thomascatlins.co.nz/"
      },
      "geometry": {
        "type": "Point",
        "coordinates": [
          169.6649413,
          -46.4489128
        ]
      },
      "id": "node/3351744348"
    },
    {
      "type": "Feature",
      "properties": {
        "@id": "node/3355711577",
        "name": "YHA Opoutere",
        "tourism": "hostel",
        "website": "http://www.stayyha.com"
      },
      "geometry": {
        "type": "Point",
        "coordinates": [
          175.8772758,
          -37.1073779
        ]
      },
      "id": "node/3355711577"
    },
    {
      "type": "Feature",
      "properties": {
        "@id": "node/3356356382",
        "addr:city": "Milford Sound",
        "addr:housenumber": "94",
        "addr:street": "Milford Sound Highway",
        "name": "Mitre Peak Lodge",
        "phone": "+64 3 249 7907",
        "tourism": "hostel"
      },
      "geometry": {
        "type": "Point",
        "coordinates": [
          167.926174,
          -44.6725526
        ]
      },
      "id": "node/3356356382"
    },
    {
      "type": "Feature",
      "properties": {
        "@id": "node/3359040835",
        "addr:housenumber": "16",
        "addr:street": "Gravesend Place",
        "check_date": "2023-06-30",
        "internet_access": "wlan",
        "internet_access:fee": "customers",
        "name": "Tombstone Backpackers",
        "payment:mastercard": "yes",
        "payment:visa": "yes",
        "phone": "+64 3 573 7116",
        "tourism": "hostel",
        "website": "https://tombstonelodge.co.nz/"
      },
      "geometry": {
        "type": "Point",
        "coordinates": [
          173.9991909,
          -41.2907713
        ]
      },
      "id": "node/3359040835"
    },
    {
      "type": "Feature",
      "properties": {
        "@id": "node/3383547900",
        "addr:city": "Picton",
        "addr:housenumber": "42",
        "addr:postcode": "7220",
        "addr:street": "London Quay",
        "addr:suburb": "Picton",
        "check_date": "2026-05-21",
        "internet_access": "wlan",
        "name": "Atlantis Backpackers",
        "operator": "BBH",
        "phone": "+64 3 573 7390",
        "ref:linz:address_id": "1763781",
        "smoking": "outside",
        "tourism": "hostel",
        "website": "https://atlantishostel.co.nz/",
        "wikidata": "Q111117445"
      },
      "geometry": {
        "type": "Point",
        "coordinates": [
          174.0060895,
          -41.2889218
        ]
      },
      "id": "node/3383547900"
    },
    {
      "type": "Feature",
      "properties": {
        "@id": "node/3410975668",
        "name": "Bay of Islands Lodge",
        "tourism": "hostel"
      },
      "geometry": {
        "type": "Point",
        "coordinates": [
          174.0946165,
          -35.286315
        ]
      },
      "id": "node/3410975668"
    },
    {
      "type": "Feature",
      "properties": {
        "@id": "node/3414987800",
        "contact:website": "https://www.littleearthlodge.co.nz",
        "name": "Little Earth Lodge",
        "tourism": "hostel"
      },
      "geometry": {
        "type": "Point",
        "coordinates": [
          174.3550011,
          -35.7102394
        ]
      },
      "id": "node/3414987800"
    },
    {
      "type": "Feature",
      "properties": {
        "@id": "node/3424091412",
        "contact:website": "http://www.coromandeltuilodge.co.nz",
        "internet_access": "terminal",
        "internet_access:fee": "yes",
        "name": "TUI Lodge",
        "tourism": "hostel"
      },
      "geometry": {
        "type": "Point",
        "coordinates": [
          175.5068206,
          -36.7616147
        ]
      },
      "id": "node/3424091412"
    },
    {
      "type": "Feature",
      "properties": {
        "@id": "node/3424279003",
        "guest_house": "hostel",
        "name": "The Red Monkey",
        "tourism": "hostel"
      },
      "geometry": {
        "type": "Point",
        "coordinates": [
          174.7431719,
          -36.8568686
        ]
      },
      "id": "node/3424279003"
    },
    {
      "type": "Feature",
      "properties": {
        "@id": "node/3431888654",
        "addr:housenumber": "226",
        "addr:street": "Vanguard Street",
        "contact:website": "https://thebug.co.nz/",
        "internet_access": "wlan",
        "internet_access:fee": "no",
        "name": "The Bug",
        "phone": "+64 3 539 4227",
        "tourism": "hostel"
      },
      "geometry": {
        "type": "Point",
        "coordinates": [
          173.2687821,
          -41.2845348
        ]
      },
      "id": "node/3431888654"
    },
    {
      "type": "Feature",
      "properties": {
        "@id": "node/3433486790",
        "contact:website": "http://www.happyapplebackpackers.co.nz/",
        "name": "Happy Apple Backpackers",
        "tourism": "hostel"
      },
      "geometry": {
        "type": "Point",
        "coordinates": [
          173.0094119,
          -41.1316814
        ]
      },
      "id": "node/3433486790"
    },
    {
      "type": "Feature",
      "properties": {
        "@id": "node/3433486792",
        "addr:city": "Motueka",
        "addr:housenumber": "200",
        "addr:postcode": "7120",
        "addr:street": "High Street",
        "addr:suburb": "Motueka",
        "name": "Motueka Backpackers",
        "ref:linz:address_id": "298012",
        "tourism": "hostel"
      },
      "geometry": {
        "type": "Point",
        "coordinates": [
          173.0106968,
          -41.1124872
        ]
      },
      "id": "node/3433486792"
    },
    {
      "type": "Feature",
      "properties": {
        "@id": "node/3436746947",
        "check_date": "2025-11-23",
        "name": "Kiwi Airport Backpackers",
        "tourism": "hostel"
      },
      "geometry": {
        "type": "Point",
        "coordinates": [
          174.7860747,
          -36.9654216
        ]
      },
      "id": "node/3436746947"
    },
    {
      "type": "Feature",
      "properties": {
        "@id": "node/3440504368",
        "name": "Old Post Office Backpackers",
        "tourism": "hostel"
      },
      "geometry": {
        "type": "Point",
        "coordinates": [
          170.1011007,
          -45.130128
        ]
      },
      "id": "node/3440504368"
    },
    {
      "type": "Feature",
      "properties": {
        "@id": "node/3454847702",
        "addr:housenumber": "27",
        "addr:street": "Hewlings St",
        "name": "Rawhiti Backpackers",
        "phone": "+64 3 693 8252",
        "tourism": "hostel",
        "website": "http://www.rawhitibackpackers.com"
      },
      "geometry": {
        "type": "Point",
        "coordinates": [
          171.2368386,
          -44.0946417
        ]
      },
      "id": "node/3454847702"
    },
    {
      "type": "Feature",
      "properties": {
        "@id": "node/3468160623",
        "check_date": "2025-01-28",
        "description": "Backpacker's",
        "name": "Cosy Kiwi",
        "source": "survey",
        "tourism": "hostel"
      },
      "geometry": {
        "type": "Point",
        "coordinates": [
          167.7201283,
          -45.413283
        ]
      },
      "id": "node/3468160623"
    },
    {
      "type": "Feature",
      "properties": {
        "@id": "node/3477693257",
        "addr:city": "Auckland",
        "addr:country": "NZ",
        "addr:housenumber": "6",
        "addr:postcode": "1011",
        "addr:street": "Hopetoun Street",
        "addr:suburb": "Freemans Bay",
        "name": "Verandahs Backpackers Lodge",
        "ref:linz:address_id": "1112709",
        "tourism": "hostel"
      },
      "geometry": {
        "type": "Point",
        "coordinates": [
          174.7515115,
          -36.8581722
        ]
      },
      "id": "node/3477693257"
    },
    {
      "type": "Feature",
      "properties": {
        "@id": "node/3571432962",
        "addr:city": "Wellington",
        "addr:housenumber": "15",
        "addr:postcode": "6011",
        "addr:street": "Dixon Street",
        "addr:suburb": "Te Aro",
        "building:flats": "34",
        "check_date": "2024-01-03",
        "name": "The Setup Hostel",
        "ref:linz:address_id": "1753083",
        "smoking": "no",
        "tourism": "hostel"
      },
      "geometry": {
        "type": "Point",
        "coordinates": [
          174.7780934,
          -41.2923347
        ]
      },
      "id": "node/3571432962"
    },
    {
      "type": "Feature",
      "properties": {
        "@id": "node/3708949037",
        "addr:city": "Akaroa",
        "addr:housenumber": "89",
        "addr:postcode": "7520",
        "addr:street": "Hamiltons rd",
        "name": "Onuku Farm Hostel",
        "phone": "+64 3 304 7066",
        "smoking": "outside",
        "tourism": "hostel",
        "website": "www.onuku.co.nz"
      },
      "geometry": {
        "type": "Point",
        "coordinates": [
          172.9531454,
          -43.8445359
        ]
      },
      "id": "node/3708949037"
    },
    {
      "type": "Feature",
      "properties": {
        "@id": "node/3792182833",
        "name": "Just the Ducks Nuts Backpackers",
        "tourism": "hostel"
      },
      "geometry": {
        "type": "Point",
        "coordinates": [
          176.1564291,
          -37.6705015
        ]
      },
      "id": "node/3792182833"
    },
    {
      "type": "Feature",
      "properties": {
        "@id": "node/3851342057",
        "name": "Base Pipi Patch",
        "tourism": "hostel"
      },
      "geometry": {
        "type": "Point",
        "coordinates": [
          174.0950562,
          -35.2856558
        ]
      },
      "id": "node/3851342057"
    },
    {
      "type": "Feature",
      "properties": {
        "@id": "node/3851342257",
        "name": "The Mousetrap",
        "tourism": "hostel"
      },
      "geometry": {
        "type": "Point",
        "coordinates": [
          174.0943914,
          -35.2854138
        ]
      },
      "id": "node/3851342257"
    },
    {
      "type": "Feature",
      "properties": {
        "@id": "node/3897901534",
        "addr:city": "Christchurch",
        "addr:country": "NZ",
        "addr:housenumber": "263",
        "addr:postcode": "8013",
        "addr:street": "Bealey Avenue",
        "addr:suburb": "Christchurch Central",
        "internet_access": "wlan",
        "name": "All Stars Inn on Bealey",
        "note": "24h Reception",
        "phone": "+64 3 366 6007",
        "phone_1": "0800 25578277",
        "ref:linz:address_id": "226976",
        "tourism": "hostel",
        "website": "https://allstarsinn.com/"
      },
      "geometry": {
        "type": "Point",
        "coordinates": [
          172.6447396,
          -43.5199823
        ]
      },
      "id": "node/3897901534"
    },
    {
      "type": "Feature",
      "properties": {
        "@id": "node/3915840082",
        "name": "Global Backpackers",
        "tourism": "hostel"
      },
      "geometry": {
        "type": "Point",
        "coordinates": [
          176.0694758,
          -38.6883924
        ]
      },
      "id": "node/3915840082"
    },
    {
      "type": "Feature",
      "properties": {
        "@id": "node/3915840115",
        "name": "Taupo Urban Backpackers",
        "tourism": "hostel"
      },
      "geometry": {
        "type": "Point",
        "coordinates": [
          176.072787,
          -38.6885201
        ]
      },
      "id": "node/3915840115"
    },
    {
      "type": "Feature",
      "properties": {
        "@id": "node/3994495589",
        "beds": "6",
        "internet_access": "wlan",
        "internet_access:fee": "no",
        "name": "Coastel Cabins",
        "operator": "Airbnb",
        "payment:credit_cards": "yes",
        "rooms": "3",
        "smoking": "outside",
        "stars": "3",
        "tourism": "hostel",
        "wheelchair": "no"
      },
      "geometry": {
        "type": "Point",
        "coordinates": [
          173.1331999,
          -35.178429
        ]
      },
      "id": "node/3994495589"
    },
    {
      "type": "Feature",
      "properties": {
        "@id": "node/4131475558",
        "addr:city": "Te Miko",
        "addr:postcode": "7873",
        "name": "Te Nikau Retreat + YHA",
        "phone": "+64 3 731 1111",
        "tourism": "hostel",
        "website": "https://www.tenikauretreat.co.nz/"
      },
      "geometry": {
        "type": "Point",
        "coordinates": [
          171.3427765,
          -42.0919937
        ]
      },
      "id": "node/4131475558"
    },
    {
      "type": "Feature",
      "properties": {
        "@id": "node/4146628201",
        "name": "Two Bob's Flashpackers",
        "tourism": "hostel"
      },
      "geometry": {
        "type": "Point",
        "coordinates": [
          169.3548921,
          -45.2489692
        ]
      },
      "id": "node/4146628201"
    },
    {
      "type": "Feature",
      "properties": {
        "@id": "node/4185002911",
        "addr:housenumber": "63",
        "addr:street": "Grove Street",
        "addr:suburb": "The Wood",
        "internet_access": "wlan",
        "name": "Almondhouse Backpackers",
        "ref:linz:address_id": "318222",
        "tourism": "hostel"
      },
      "geometry": {
        "type": "Point",
        "coordinates": [
          173.291017,
          -41.269027
        ]
      },
      "id": "node/4185002911"
    },
    {
      "type": "Feature",
      "properties": {
        "@id": "node/4199809192",
        "brand": "Haka Lodge",
        "email": "paihia@hakalodge.com",
        "internet_access": "wlan",
        "name": "Haka Lodge Paihia",
        "phone": "+64 9 402 5637",
        "tourism": "hostel",
        "website": "https://hakalodges.com/paihia/"
      },
      "geometry": {
        "type": "Point",
        "coordinates": [
          174.0914713,
          -35.2812333
        ]
      },
      "id": "node/4199809192"
    },
    {
      "type": "Feature",
      "properties": {
        "@id": "node/4211573082",
        "addr:housenumber": "700",
        "addr:street": "Pollen Street",
        "internet_access": "wlan",
        "name": "GBD",
        "tourism": "hostel"
      },
      "geometry": {
        "type": "Point",
        "coordinates": [
          175.5410487,
          -37.1359676
        ]
      },
      "id": "node/4211573082"
    },
    {
      "type": "Feature",
      "properties": {
        "@id": "node/4221321318",
        "addr:housenumber": "31",
        "addr:street": "Wellesley Street West",
        "addr:suburb": "Auckland Central",
        "name": "Attic Backpackers",
        "ref:linz:address_id": "1854927",
        "tourism": "hostel",
        "wikidata": "Q111118696"
      },
      "geometry": {
        "type": "Point",
        "coordinates": [
          174.7629939,
          -36.8502782
        ]
      },
      "id": "node/4221321318"
    },
    {
      "type": "Feature",
      "properties": {
        "@id": "node/4230322891",
        "addr:housenumber": "39",
        "addr:postcode": "7859",
        "addr:street": "Sullivan Road",
        "internet_access": "wlan",
        "name": "Fox Glacier Pod Hostel & Inn",
        "opening_hours": "Mo-Su 10:00-12:00, 16:00-18:00",
        "tourism": "hostel",
        "website": "www.sircedrics.co.nz"
      },
      "geometry": {
        "type": "Point",
        "coordinates": [
          170.018468,
          -43.4663571
        ]
      },
      "id": "node/4230322891"
    },
    {
      "type": "Feature",
      "properties": {
        "@id": "node/4267744689",
        "addr:housenumber": "146",
        "addr:postcode": "1010",
        "addr:street": "Karangahape Road",
        "check_date": "2024-08-16",
        "name": "Spin City Lodge",
        "phone": "+64 9 373 5668",
        "tourism": "hostel",
        "website": "http://SpinCityLodge.co.nz"
      },
      "geometry": {
        "type": "Point",
        "coordinates": [
          174.7608251,
          -36.8580753
        ]
      },
      "id": "node/4267744689"
    },
    {
      "type": "Feature",
      "properties": {
        "@id": "node/4285795583",
        "name": "Criterion Art Deco Backpackers",
        "tourism": "hostel",
        "wikidata": "Q111117197"
      },
      "geometry": {
        "type": "Point",
        "coordinates": [
          176.91799,
          -39.490039
        ]
      },
      "id": "node/4285795583"
    },
    {
      "type": "Feature",
      "properties": {
        "@id": "node/4360928392",
        "addr:housenumber": "36",
        "addr:street": "Camp Street",
        "name": "Adventure Queenstown Hostel",
        "name:en": "Adventure Queenstown Hostel",
        "tourism": "hostel"
      },
      "geometry": {
        "type": "Point",
        "coordinates": [
          168.6607187,
          -45.0312254
        ]
      },
      "id": "node/4360928392"
    },
    {
      "type": "Feature",
      "properties": {
        "@id": "node/4367604268",
        "addr:city": "Taupo",
        "addr:country": "NZ",
        "addr:housenumber": "75",
        "addr:street": "Scannel Street",
        "name": "Berkenhoff Lodge Backbackers",
        "name:en": "Berkenhoff Lodge Backbackers",
        "name:ja": "バーケンホフ・ロッジ",
        "tourism": "hostel"
      },
      "geometry": {
        "type": "Point",
        "coordinates": [
          176.0855799,
          -38.6860189
        ]
      },
      "id": "node/4367604268"
    },
    {
      "type": "Feature",
      "properties": {
        "@id": "node/4434299985",
        "addr:city": "Mount Cook Village",
        "addr:country": "NZ",
        "addr:housenumber": "1",
        "addr:street": "Bowen Drive",
        "internet_access": "yes",
        "name": "YHA Aoraki Mt Cook",
        "operator": "YHA",
        "tourism": "hostel",
        "website": "https://www.yha.co.nz/hostels/south-island-hostels/yha-mt-cook",
        "wheelchair": "yes"
      },
      "geometry": {
        "type": "Point",
        "coordinates": [
          170.1006495,
          -43.7375053
        ]
      },
      "id": "node/4434299985"
    },
    {
      "type": "Feature",
      "properties": {
        "@id": "node/4442760002",
        "addr:housenumber": "9",
        "addr:street": "O'Reilly",
        "name": "Trek global backpacker",
        "phone": "+64 4 471 3480",
        "tourism": "hostel",
        "website": "https://www.trekglobal.net/"
      },
      "geometry": {
        "type": "Point",
        "coordinates": [
          174.773483,
          -41.2890383
        ]
      },
      "id": "node/4442760002"
    },
    {
      "type": "Feature",
      "properties": {
        "@id": "node/4447125464",
        "internet_access": "wlan",
        "name": "Hukatere Lodge",
        "tourism": "hostel"
      },
      "geometry": {
        "type": "Point",
        "coordinates": [
          173.0932997,
          -34.9003592
        ]
      },
      "id": "node/4447125464"
    },
    {
      "type": "Feature",
      "properties": {
        "@id": "node/4452595489",
        "internet_access": "wlan",
        "name": "Adventure Q2 Hostel",
        "tourism": "hostel"
      },
      "geometry": {
        "type": "Point",
        "coordinates": [
          168.6619688,
          -45.0310267
        ]
      },
      "id": "node/4452595489"
    },
    {
      "type": "Feature",
      "properties": {
        "@id": "node/4465735890",
        "name": "Inner City Pad",
        "tourism": "hostel"
      },
      "geometry": {
        "type": "Point",
        "coordinates": [
          172.6581515,
          -43.5343426
        ]
      },
      "id": "node/4465735890"
    },
    {
      "type": "Feature",
      "properties": {
        "@id": "node/4483968490",
        "name": "bunkdown backpacker",
        "tourism": "hostel"
      },
      "geometry": {
        "type": "Point",
        "coordinates": [
          174.3095715,
          -35.7341944
        ]
      },
      "id": "node/4483968490"
    },
    {
      "type": "Feature",
      "properties": {
        "@id": "node/4483975295",
        "name": "funky green voyager (BBH)",
        "tourism": "hostel"
      },
      "geometry": {
        "type": "Point",
        "coordinates": [
          176.250629,
          -38.1428476
        ]
      },
      "id": "node/4483975295"
    },
    {
      "type": "Feature",
      "properties": {
        "@id": "node/4542190889",
        "name": "Otapawa Farmstay",
        "name:en": "Otapawa Farmstay",
        "tourism": "hostel"
      },
      "geometry": {
        "type": "Point",
        "coordinates": [
          176.0459739,
          -40.6117339
        ]
      },
      "id": "node/4542190889"
    },
    {
      "type": "Feature",
      "properties": {
        "@id": "node/4546121291",
        "addr:housenumber": "47",
        "addr:street": "Tees Street",
        "addr:suburb": "South Hill",
        "internet_access": "wlan",
        "name": "Oamaru Backpackers",
        "name:en": "Oamaru Backpackers",
        "ref:linz:address_id": "73444",
        "tourism": "hostel"
      },
      "geometry": {
        "type": "Point",
        "coordinates": [
          170.9679868,
          -45.1051335
        ]
      },
      "id": "node/4546121291"
    },
    {
      "type": "Feature",
      "properties": {
        "@id": "node/4553190890",
        "internet_access": "wlan",
        "mobile": "+64 21 191 9729",
        "name": "Get Real Backpackers",
        "tourism": "hostel",
        "website": "http://getrealbackbackers.co.nz"
      },
      "geometry": {
        "type": "Point",
        "coordinates": [
          173.0243997,
          -41.4171653
        ]
      },
      "id": "node/4553190890"
    },
    {
      "type": "Feature",
      "properties": {
        "@id": "node/4561184689",
        "addr:housenumber": "37",
        "addr:street": "Waller Street",
        "addr:suburb": "Murchison",
        "check_date": "2026-06-25",
        "internet_access": "wlan",
        "name": "The Lazy Cow",
        "ref:linz:address_id": "295893",
        "tourism": "hostel",
        "website": "http://www.bbh.co.nz/hd410/The-Lazy-Cow-Accommodation-Backpackers-in-Murchison-New-Zealand.html",
        "wheelchair": "yes"
      },
      "geometry": {
        "type": "Point",
        "coordinates": [
          172.3244445,
          -41.7998962
        ]
      },
      "id": "node/4561184689"
    },
    {
      "type": "Feature",
      "properties": {
        "@id": "node/4572383606",
        "internet_access": "wlan",
        "name": "The Tree House",
        "name:en": "The Tree House",
        "phone": "+64 9 405 5855",
        "tourism": "hostel",
        "website": "https://www.treehouse.co.nz/"
      },
      "geometry": {
        "type": "Point",
        "coordinates": [
          173.5136571,
          -35.3775824
        ]
      },
      "id": "node/4572383606"
    },
    {
      "type": "Feature",
      "properties": {
        "@id": "node/4582407189",
        "addr:housenumber": "5A",
        "addr:street": "Oaklands Road",
        "name": "Oaklands Lodge Backpackers Hostel",
        "name:en": "Oaklands Lodge Backpackers Hostel",
        "tourism": "hostel"
      },
      "geometry": {
        "type": "Point",
        "coordinates": [
          174.7631757,
          -36.880848
        ]
      },
      "id": "node/4582407189"
    },
    {
      "type": "Feature",
      "properties": {
        "@id": "node/4583540289",
        "brand": "LyLo",
        "email": "christchurch@jucysnooze.co.nz",
        "name": "LyLo Christchurch formerly Jucy Snooze Christchurch",
        "opening_hours:reception": "24/7",
        "phone": "+64 3 903 0070",
        "tourism": "hostel",
        "website": "https://www.lylo.com/christchurch/",
        "wikidata": "Q111117332"
      },
      "geometry": {
        "type": "Point",
        "coordinates": [
          172.5491224,
          -43.4897853
        ]
      },
      "id": "node/4583540289"
    },
    {
      "type": "Feature",
      "properties": {
        "@id": "node/4599054389",
        "addr:housenumber": "21",
        "addr:street": "Russell Street",
        "addr:suburb": "Wānaka",
        "internet_access": "wlan",
        "name": "Flying Kiwi Backpackers",
        "name:en": "Flying Kiwi Backpackers",
        "ref:linz:address_id": "8102",
        "tourism": "hostel"
      },
      "geometry": {
        "type": "Point",
        "coordinates": [
          169.1404273,
          -44.6957669
        ]
      },
      "id": "node/4599054389"
    },
    {
      "type": "Feature",
      "properties": {
        "@id": "node/4599444689",
        "addr:housenumber": "1080",
        "addr:postcode": "3010",
        "addr:street": "Eruera Street",
        "addr:suburb": "Rotorua",
        "internet_access": "wlan",
        "name": "Planet backpackers",
        "phone": "+64 7 350 2550",
        "ref:linz:address_id": "819034",
        "tourism": "hostel",
        "website": "http://www.rotoruaplanetbackpackers.co.nz"
      },
      "geometry": {
        "type": "Point",
        "coordinates": [
          176.254201,
          -38.139047
        ]
      },
      "id": "node/4599444689"
    },
    {
      "type": "Feature",
      "properties": {
        "@id": "node/4605867889",
        "addr:city": "Christchurch",
        "addr:country": "NZ",
        "addr:housenumber": "208",
        "addr:postcode": "8011",
        "addr:street": "Kilmore Street",
        "addr:suburb": "Christchurch Central",
        "internet_access": "wlan",
        "name": "Foley Towers",
        "opening_hours": "Mo-Su 09:00-21:00",
        "phone": "+64 3 366 9720",
        "ref:linz:address_id": "1735506",
        "tourism": "hostel",
        "website": "https://www.bbh.co.nz/hd162/Foley-Towers-Backpackers-in-Christchurch-New-Zealand.html"
      },
      "geometry": {
        "type": "Point",
        "coordinates": [
          172.644771,
          -43.5267545
        ]
      },
      "id": "node/4605867889"
    },
    {
      "type": "Feature",
      "properties": {
        "@id": "node/4609097289",
        "name": "Wayne's World",
        "name:en": "Wayne's World",
        "tourism": "hostel"
      },
      "geometry": {
        "type": "Point",
        "coordinates": [
          171.60306,
          -41.749563
        ]
      },
      "id": "node/4609097289"
    },
    {
      "type": "Feature",
      "properties": {
        "@id": "node/4630765390",
        "addr:city": "Te Awamutu",
        "addr:housenumber": "1426",
        "addr:postcode": "3877",
        "addr:street": "Owairaka Valley Road",
        "name": "Bryce's climbing Hostel",
        "name:en": "Bryce's climbing Hostel",
        "rooms": "4",
        "tourism": "hostel",
        "website": "https://www.rockclimb.co.nz/"
      },
      "geometry": {
        "type": "Point",
        "coordinates": [
          175.5359021,
          -38.1428691
        ]
      },
      "id": "node/4630765390"
    },
    {
      "type": "Feature",
      "properties": {
        "@id": "node/4640854389",
        "name": "Butterfli Lodge",
        "name:en": "Butterfli Lodge",
        "tourism": "hostel"
      },
      "geometry": {
        "type": "Point",
        "coordinates": [
          168.6491188,
          -45.0355249
        ]
      },
      "id": "node/4640854389"
    },
    {
      "type": "Feature",
      "properties": {
        "@id": "node/4662910755",
        "addr:housenumber": "120",
        "addr:street": "Queens Road",
        "name": "Residence",
        "phone": "+64 21 873 385",
        "tourism": "hostel",
        "website": "https://www.residence.co.nz/"
      },
      "geometry": {
        "type": "Point",
        "coordinates": [
          174.8555268,
          -36.8999696
        ]
      },
      "id": "node/4662910755"
    },
    {
      "type": "Feature",
      "properties": {
        "@id": "node/4671183174",
        "name": "Rongo Backpackers",
        "tourism": "hostel"
      },
      "geometry": {
        "type": "Point",
        "coordinates": [
          172.1137317,
          -41.2477285
        ]
      },
      "id": "node/4671183174"
    },
    {
      "type": "Feature",
      "properties": {
        "@id": "node/4684420496",
        "addr:housenumber": "184",
        "addr:street": "Kiriwhakapapa Road",
        "name": "Forest Home",
        "tourism": "hostel"
      },
      "geometry": {
        "type": "Point",
        "coordinates": [
          175.5990412,
          -40.8060641
        ]
      },
      "id": "node/4684420496"
    },
    {
      "type": "Feature",
      "properties": {
        "@id": "node/4684697296",
        "addr:housenumber": "4",
        "addr:postcode": "7050",
        "addr:street": "Isle Street",
        "addr:suburb": "Queenstown",
        "email": "info@stayatsouthern.co.nz",
        "internet_access": "wlan",
        "name": "Southern Laughter Backpackers",
        "phone": "+64 3 441 8828",
        "ref:linz:address_id": "1429541",
        "tourism": "hostel",
        "website": "https://www.stayatsouthern.co.nz/"
      },
      "geometry": {
        "type": "Point",
        "coordinates": [
          168.6585761,
          -45.0301914
        ]
      },
      "id": "node/4684697296"
    },
    {
      "type": "Feature",
      "properties": {
        "@id": "node/4694130574",
        "tourism": "hostel"
      },
      "geometry": {
        "type": "Point",
        "coordinates": [
          172.5709421,
          -43.5149336
        ]
      },
      "id": "node/4694130574"
    },
    {
      "type": "Feature",
      "properties": {
        "@id": "node/4721454091",
        "addr:housenumber": "56",
        "addr:street": "State Highway 6",
        "name": "Watson's way backpackers",
        "name:en": "Watson's way backpackers",
        "tourism": "hostel"
      },
      "geometry": {
        "type": "Point",
        "coordinates": [
          173.8281555,
          -41.5070166
        ]
      },
      "id": "node/4721454091"
    },
    {
      "type": "Feature",
      "properties": {
        "@id": "node/4737644041",
        "name": "Shambhala Retreat and Guesthouse",
        "opening_hours": "Oct - May",
        "phone": "+64 3 525 8463",
        "tourism": "hostel",
        "website": "http://www.shambhala.co.nz/"
      },
      "geometry": {
        "type": "Point",
        "coordinates": [
          172.7172636,
          -40.7555214
        ]
      },
      "id": "node/4737644041"
    },
    {
      "type": "Feature",
      "properties": {
        "@id": "node/4739053335",
        "name": "Tranquil Lodge",
        "tourism": "hostel"
      },
      "geometry": {
        "type": "Point",
        "coordinates": [
          172.6399801,
          -43.5170065
        ]
      },
      "id": "node/4739053335"
    },
    {
      "type": "Feature",
      "properties": {
        "@id": "node/4742363525",
        "name": "The Woolshed",
        "tourism": "hostel"
      },
      "geometry": {
        "type": "Point",
        "coordinates": [
          174.1797344,
          -41.0866666
        ]
      },
      "id": "node/4742363525"
    },
    {
      "type": "Feature",
      "properties": {
        "@id": "node/4745825022",
        "addr:housenumber": "126",
        "addr:postcode": "3506",
        "addr:street": "Te Tiki Street",
        "addr:suburb": "Coromandel",
        "email": "lionsdenhostel@xtra.co.nz",
        "name": "Lion's Den Hostel",
        "phone": "+64 7 866 8157",
        "ref:linz:address_id": "713306",
        "tourism": "hostel",
        "website": "http://www.lionsdenhostel.co.nz/"
      },
      "geometry": {
        "type": "Point",
        "coordinates": [
          175.5002614,
          -36.7547718
        ]
      },
      "id": "node/4745825022"
    },
    {
      "type": "Feature",
      "properties": {
        "@id": "node/4773632722",
        "addr:housenumber": "13",
        "addr:postcode": "3120",
        "addr:street": "Landing Road",
        "addr:suburb": "Whakatāne",
        "name": "Karibu Backpackers",
        "ref:linz:address_id": "848293",
        "tourism": "hostel",
        "website": "http://www.bbh.co.nz/hd64/Karibu-Backpackers-in-Whakatane-New-Zealand.html"
      },
      "geometry": {
        "type": "Point",
        "coordinates": [
          176.9808187,
          -37.9587117
        ]
      },
      "id": "node/4773632722"
    },
    {
      "type": "Feature",
      "properties": {
        "@id": "node/4792519822",
        "name": "Marj's Place Homestay And Backpackers",
        "name:en": "Marj's Place Homestay And Backpackers",
        "tourism": "hostel"
      },
      "geometry": {
        "type": "Point",
        "coordinates": [
          169.3815269,
          -45.2509031
        ]
      },
      "id": "node/4792519822"
    },
    {
      "type": "Feature",
      "properties": {
        "@id": "node/4812006621",
        "name": "Glenross Backpackers",
        "name:en": "Glenross Backpackers",
        "tourism": "hostel"
      },
      "geometry": {
        "type": "Point",
        "coordinates": [
          176.1350487,
          -40.5911984
        ]
      },
      "id": "node/4812006621"
    },
    {
      "type": "Feature",
      "properties": {
        "@id": "node/4820022827",
        "addr:housenumber": "48",
        "addr:street": "Lakefront Drive",
        "check_date": "2024-06-24",
        "name": "Te Anau Lakefront Backpackers",
        "tourism": "hostel",
        "website": "https://www.teanaubackpackers.co.nz/"
      },
      "geometry": {
        "type": "Point",
        "coordinates": [
          167.7153224,
          -45.4204597
        ]
      },
      "id": "node/4820022827"
    },
    {
      "type": "Feature",
      "properties": {
        "@id": "node/4820022923",
        "name": "Flying Kiwi Backpackers",
        "name:de": "Flying Kiwi Backpackers",
        "name:en": "Flying Kiwi Backpackers",
        "tourism": "hostel"
      },
      "geometry": {
        "type": "Point",
        "coordinates": [
          169.1403425,
          -44.6956624
        ]
      },
      "id": "node/4820022923"
    },
    {
      "type": "Feature",
      "properties": {
        "@id": "node/4827900122",
        "addr:housenumber": "107",
        "addr:street": "Budge Street",
        "addr:suburb": "Riversdale",
        "internet_access": "wlan",
        "name": "Arrow backpackers",
        "name:en": "Arrow backpackers",
        "ref:linz:address_id": "339985",
        "tourism": "hostel"
      },
      "geometry": {
        "type": "Point",
        "coordinates": [
          173.969796,
          -41.504337
        ]
      },
      "id": "node/4827900122"
    },
    {
      "type": "Feature",
      "properties": {
        "@id": "node/4847308183",
        "addr:city": "Te Anau",
        "addr:country": "NZ",
        "addr:housenumber": "77",
        "addr:postcode": "9460",
        "addr:street": "Manapouri – Te Anau Highway",
        "contact:email": "res@teanau.info",
        "contact:fax": "+64 3 249 7536",
        "contact:phone": "+64 3 249 7457",
        "contact:website": "http://www.TeAnauHolidayPark.co.nz",
        "internet_access": "yes",
        "internet_access:fee": "yes",
        "name": "Steamers Backpackers",
        "tourism": "hostel"
      },
      "geometry": {
        "type": "Point",
        "coordinates": [
          167.7202222,
          -45.4246868
        ]
      },
      "id": "node/4847308183"
    },
    {
      "type": "Feature",
      "properties": {
        "@id": "node/4879714533",
        "addr:city": "Dunedin",
        "addr:housenumber": "243",
        "addr:postcode": "9016",
        "addr:street": "Moray Place",
        "addr:suburb": "Dunedin Central",
        "alt_name": "Central Backpackers Dunedin BBH",
        "email": "bookings@centralbackpackers.co.nz",
        "name": "UpTown Backpackers",
        "phone": "+64 3 477 9985",
        "ref:linz:address_id": "1621286",
        "tourism": "hostel"
      },
      "geometry": {
        "type": "Point",
        "coordinates": [
          170.504117,
          -45.8725834
        ]
      },
      "id": "node/4879714533"
    },
    {
      "type": "Feature",
      "properties": {
        "@id": "node/4879717525",
        "addr:city": "Christchurch",
        "addr:country": "NZ",
        "addr:housenumber": "440",
        "addr:postcode": "8014",
        "addr:street": "Manchester Street",
        "addr:suburb": "St Albans",
        "name": "Tranquil Lodge",
        "name:de": "Tranquil Lodge",
        "name:en": "Tranquil Lodge",
        "ref:linz:address_id": "227154",
        "tourism": "hostel"
      },
      "geometry": {
        "type": "Point",
        "coordinates": [
          172.6399,
          -43.5169433
        ]
      },
      "id": "node/4879717525"
    },
    {
      "type": "Feature",
      "properties": {
        "@id": "node/4887511822",
        "name": "Mainstreet lodge",
        "name:en": "Mainstreet lodge",
        "tourism": "hostel"
      },
      "geometry": {
        "type": "Point",
        "coordinates": [
          173.2599087,
          -35.1096274
        ]
      },
      "id": "node/4887511822"
    },
    {
      "type": "Feature",
      "properties": {
        "@id": "node/5179046321",
        "addr:postcode": "9240",
        "email": "info@bunkersbackpackers.co.nz",
        "internet_access": "wlan",
        "name": "Bunkers Backpackers BBH",
        "phone": "+64 3 219 1160",
        "tourism": "hostel",
        "website": "http://www.bunkersbackpackers.co.nz"
      },
      "geometry": {
        "type": "Point",
        "coordinates": [
          168.1263355,
          -46.8988626
        ]
      },
      "id": "node/5179046321"
    },
    {
      "type": "Feature",
      "properties": {
        "@id": "node/5181070821",
        "name": "the little black barn",
        "tourism": "hostel"
      },
      "geometry": {
        "type": "Point",
        "coordinates": [
          169.0891426,
          -46.6628789
        ]
      },
      "id": "node/5181070821"
    },
    {
      "type": "Feature",
      "properties": {
        "@id": "node/5195782615",
        "addr:housenumber": "65",
        "addr:street": "Hone Heke",
        "name": "Hone Heke Lodge",
        "tourism": "hostel",
        "website": "https://www.honeheke.co.nz/"
      },
      "geometry": {
        "type": "Point",
        "coordinates": [
          173.959213,
          -35.2270079
        ]
      },
      "id": "node/5195782615"
    },
    {
      "type": "Feature",
      "properties": {
        "@id": "node/5245100321",
        "name": "Lodge on st Georges",
        "tourism": "hostel"
      },
      "geometry": {
        "type": "Point",
        "coordinates": [
          176.8661582,
          -39.6632539
        ]
      },
      "id": "node/5245100321"
    },
    {
      "type": "Feature",
      "properties": {
        "@id": "node/5251291459",
        "addr:city": "Stewart Island",
        "addr:housenumber": "18",
        "addr:postcode": "9818",
        "addr:street": "Ayr Street",
        "contact:email": "sibackpackers@gmail.com",
        "internet_access": "wlan",
        "name": "Stewart Island Backpackers",
        "phone": "+64 3 219 1114",
        "tourism": "hostel",
        "website": "https://www.stewartislandbackpackers.co.nz/"
      },
      "geometry": {
        "type": "Point",
        "coordinates": [
          168.126735,
          -46.8995363
        ]
      },
      "id": "node/5251291459"
    },
    {
      "type": "Feature",
      "properties": {
        "@id": "node/5262787294",
        "addr:city": "Christchurch",
        "addr:country": "NZ",
        "addr:housenumber": "431",
        "addr:postcode": "8011",
        "addr:street": "Gloucester Street",
        "addr:suburb": "Linwood",
        "internet_access": "wlan",
        "name": "The Old Countryhouse",
        "opening_hours": "Mo-Su 09:00-20:00",
        "phone": "+64 3 381 5504",
        "ref:linz:address_id": "245054",
        "tourism": "hostel",
        "website": "https://www.oldcountryhousenz.com/",
        "wikidata": "Q111117333"
      },
      "geometry": {
        "type": "Point",
        "coordinates": [
          172.6564881,
          -43.5296609
        ]
      },
      "id": "node/5262787294"
    },
    {
      "type": "Feature",
      "properties": {
        "@id": "node/5264980433",
        "addr:city": "Christchurch",
        "addr:country": "NZ",
        "addr:housenumber": "1/278",
        "addr:postcode": "8011",
        "addr:street": "Barbadoes Street",
        "addr:suburb": "Christchurch Central",
        "name": "Luxury Without Limits in CBD",
        "ref:linz:address_id": "2042569",
        "tourism": "hostel"
      },
      "geometry": {
        "type": "Point",
        "coordinates": [
          172.6458428,
          -43.5311982
        ]
      },
      "id": "node/5264980433"
    },
    {
      "type": "Feature",
      "properties": {
        "@id": "node/5264984869",
        "addr:city": "Christchurch",
        "addr:country": "NZ",
        "addr:housenumber": "251",
        "addr:postcode": "8011",
        "addr:street": "Hereford Street",
        "addr:suburb": "Christchurch Central",
        "name": "Eco Villa",
        "ref:linz:address_id": "228093",
        "tourism": "hostel"
      },
      "geometry": {
        "type": "Point",
        "coordinates": [
          172.6449923,
          -43.5317692
        ]
      },
      "id": "node/5264984869"
    },
    {
      "type": "Feature",
      "properties": {
        "@id": "node/5294958391",
        "addr:street": "Molesworth Drive",
        "name": "Coastal Cow Backpackers",
        "tourism": "hostel"
      },
      "geometry": {
        "type": "Point",
        "coordinates": [
          174.5840833,
          -36.0901282
        ]
      },
      "id": "node/5294958391"
    },
    {
      "type": "Feature",
      "properties": {
        "@id": "node/5299155970",
        "addr:street": "State Highway 10",
        "tourism": "hostel"
      },
      "geometry": {
        "type": "Point",
        "coordinates": [
          173.683561,
          -35.0529672
        ]
      },
      "id": "node/5299155970"
    },
    {
      "type": "Feature",
      "properties": {
        "@id": "node/5315315021",
        "check_date": "2025-02-22",
        "name": "YHA Hostel",
        "tourism": "hostel"
      },
      "geometry": {
        "type": "Point",
        "coordinates": [
          178.0327844,
          -38.6702486
        ]
      },
      "id": "node/5315315021"
    },
    {
      "type": "Feature",
      "properties": {
        "@id": "node/5317004223",
        "name": "Duncannon Backpacker Hostel",
        "tourism": "hostel"
      },
      "geometry": {
        "type": "Point",
        "coordinates": [
          173.9792715,
          -41.5164482
        ]
      },
      "id": "node/5317004223"
    },
    {
      "type": "Feature",
      "properties": {
        "@id": "node/5332264421",
        "addr:city": "Ongarue",
        "addr:housenumber": "50",
        "addr:postcode": "3997",
        "addr:street": "Ongarue Village Road",
        "mobile": "+64 27 321 6274",
        "name": "Flashpackers",
        "tourism": "hostel",
        "website": "https://www.timbertrailhub.co.nz/"
      },
      "geometry": {
        "type": "Point",
        "coordinates": [
          175.283532,
          -38.7155875
        ]
      },
      "id": "node/5332264421"
    },
    {
      "type": "Feature",
      "properties": {
        "@id": "node/5336334823",
        "name": "jack’s backpackers",
        "tourism": "hostel"
      },
      "geometry": {
        "type": "Point",
        "coordinates": [
          173.9505132,
          -41.5114346
        ]
      },
      "id": "node/5336334823"
    },
    {
      "type": "Feature",
      "properties": {
        "@id": "node/5369353721",
        "name": "JJ House backpackers",
        "tourism": "hostel"
      },
      "geometry": {
        "type": "Point",
        "coordinates": [
          174.7816476,
          -36.8744533
        ]
      },
      "id": "node/5369353721"
    },
    {
      "type": "Feature",
      "properties": {
        "@id": "node/5374936022",
        "addr:street": "Waitapu Wharf Road",
        "name": "River Inn",
        "tourism": "hostel"
      },
      "geometry": {
        "type": "Point",
        "coordinates": [
          172.8004078,
          -40.8327436
        ]
      },
      "id": "node/5374936022"
    },
    {
      "type": "Feature",
      "properties": {
        "@id": "node/5377394823",
        "name": "Kiwiana",
        "name:mi": "Kiwiana",
        "tourism": "hostel"
      },
      "geometry": {
        "type": "Point",
        "coordinates": [
          172.8113189,
          -40.8570221
        ]
      },
      "id": "node/5377394823"
    },
    {
      "type": "Feature",
      "properties": {
        "@id": "node/5381992771",
        "check_date": "2026-05-26",
        "internet_access": "wlan",
        "internet_access:fee": "yes",
        "name": "YMCA Hostel",
        "tourism": "hostel",
        "wikidata": "Q111118693"
      },
      "geometry": {
        "type": "Point",
        "coordinates": [
          174.7591383,
          -36.8554901
        ]
      },
      "id": "node/5381992771"
    },
    {
      "type": "Feature",
      "properties": {
        "@id": "node/5382285025",
        "internet_access": "wlan",
        "name": "Autumn Farm gay accommodation",
        "tourism": "hostel"
      },
      "geometry": {
        "type": "Point",
        "coordinates": [
          172.8212378,
          -40.8793013
        ]
      },
      "id": "node/5382285025"
    },
    {
      "type": "Feature",
      "properties": {
        "@id": "node/5416187722",
        "name": "The Royal Hotel",
        "tourism": "hostel",
        "website": "https://www.theroyalhotel.co.nz"
      },
      "geometry": {
        "type": "Point",
        "coordinates": [
          173.2867656,
          -41.2727685
        ]
      },
      "id": "node/5416187722"
    },
    {
      "type": "Feature",
      "properties": {
        "@id": "node/5419549953",
        "addr:city": "Auckland",
        "addr:housenumber": "210",
        "addr:postcode": "1024",
        "addr:street": "Balmoral Road",
        "addr:suburb": "Mount Eden",
        "name": "Balmoral Lodge",
        "ref:linz:address_id": "1115014",
        "tourism": "hostel"
      },
      "geometry": {
        "type": "Point",
        "coordinates": [
          174.7451578,
          -36.8867983
        ]
      },
      "id": "node/5419549953"
    },
    {
      "type": "Feature",
      "properties": {
        "@id": "node/5428235821",
        "addr:housenumber": "147",
        "addr:postcode": "4010",
        "addr:street": "Roebuck Road",
        "internet_access": "wlan",
        "name": "Flying Nun Backpackers - BBH",
        "phone": "+64 6 868 0461",
        "tourism": "hostel",
        "website": "https://www.bbh.co.nz/"
      },
      "geometry": {
        "type": "Point",
        "coordinates": [
          178.0109514,
          -38.6615134
        ]
      },
      "id": "node/5428235821"
    },
    {
      "type": "Feature",
      "properties": {
        "@id": "node/5444876688",
        "addr:city": "Hanmer Springs",
        "addr:country": "NZ",
        "addr:housenumber": "41",
        "addr:postcode": "7334",
        "addr:street": "Conical Hill Road",
        "email": "info@hanmerbackpackers.co.nz",
        "internet_access": "wlan",
        "internet_access:fee": "no",
        "name": "Hanmer Backpackers",
        "phone": "+64 3 315 7196",
        "tourism": "hostel",
        "website": "https://hanmerbackpackers.co.nz/"
      },
      "geometry": {
        "type": "Point",
        "coordinates": [
          172.8295176,
          -42.5188876
        ]
      },
      "id": "node/5444876688"
    },
    {
      "type": "Feature",
      "properties": {
        "@id": "node/5449562822",
        "addr:city": "Queenstown",
        "addr:country": "NZ",
        "addr:housenumber": "50",
        "addr:postcode": "9348",
        "addr:street": "Beach Street",
        "addr:suburb": "Queenstown",
        "name": "Absoloot Value Accommodation",
        "ref:linz:address_id": "1726",
        "tourism": "hostel"
      },
      "geometry": {
        "type": "Point",
        "coordinates": [
          168.6591787,
          -45.032465
        ]
      },
      "id": "node/5449562822"
    },
    {
      "type": "Feature",
      "properties": {
        "@id": "node/5492242022",
        "addr:street": "SH 85, Wedderburn",
        "email": "enquiries@wedderburn.net.nz",
        "name": "Wedderburn Cottages Central Otago",
        "tourism": "hostel",
        "website": "https://wedderburncottages.co.nz/"
      },
      "geometry": {
        "type": "Point",
        "coordinates": [
          170.0031544,
          -45.0265579
        ]
      },
      "id": "node/5492242022"
    },
    {
      "type": "Feature",
      "properties": {
        "@id": "node/5517861721",
        "addr:housenumber": "312F",
        "addr:postcode": "7220",
        "addr:street": "Waikawa Road",
        "internet_access": "wlan",
        "mobile": "+64 21 106 6635",
        "name": "Waikawa retreat",
        "operator": "Debbie",
        "tourism": "hostel"
      },
      "geometry": {
        "type": "Point",
        "coordinates": [
          174.0424441,
          -41.2703919
        ]
      },
      "id": "node/5517861721"
    },
    {
      "type": "Feature",
      "properties": {
        "@id": "node/5539207024",
        "name": "Farmhouse Lodge",
        "tourism": "hostel"
      },
      "geometry": {
        "type": "Point",
        "coordinates": [
          176.7612222,
          -39.5895395
        ]
      },
      "id": "node/5539207024"
    },
    {
      "type": "Feature",
      "properties": {
        "@id": "node/5540412422",
        "addr:housenumber": "51F",
        "addr:street": "Hobson Street",
        "addr:suburb": "Auckland Central",
        "internet_access": "wlan",
        "name": "Metro Adventure Backpackers",
        "phone:NZ": "0800 112 128",
        "ref:linz:address_id": "2110861",
        "tourism": "hostel"
      },
      "geometry": {
        "type": "Point",
        "coordinates": [
          174.7616577,
          -36.8474236
        ]
      },
      "id": "node/5540412422"
    },
    {
      "type": "Feature",
      "properties": {
        "@id": "node/5540412821",
        "addr:housenumber": "61",
        "addr:street": "Firth Street",
        "internet_access": "wlan",
        "name": "Matamata Backpackers",
        "phone": "+64 7 880 9745",
        "tourism": "hostel"
      },
      "geometry": {
        "type": "Point",
        "coordinates": [
          175.770329,
          -37.8110452
        ]
      },
      "id": "node/5540412821"
    },
    {
      "type": "Feature",
      "properties": {
        "@id": "node/5593850247",
        "name": "Cactus Jack",
        "tourism": "hostel"
      },
      "geometry": {
        "type": "Point",
        "coordinates": [
          176.2500814,
          -38.1360924
        ]
      },
      "id": "node/5593850247"
    },
    {
      "type": "Feature",
      "properties": {
        "@id": "node/5616138757",
        "addr:housenumber": "3",
        "addr:postcode": "7220",
        "addr:street": "Nelson Square",
        "addr:suburb": "Picton",
        "name": "Sequoia Lodge Backpackers",
        "ref:linz:address_id": "341525",
        "tourism": "hostel",
        "wikidata": "Q111117444"
      },
      "geometry": {
        "type": "Point",
        "coordinates": [
          174.001525,
          -41.2953352
        ]
      },
      "id": "node/5616138757"
    },
    {
      "type": "Feature",
      "properties": {
        "@id": "node/5625896823",
        "addr:city": "Tākaka",
        "addr:housenumber": "25",
        "addr:postcode": "7110",
        "addr:street": "Motupipi Street",
        "addr:suburb": "Tākaka",
        "email": "goldenbay@yha.co.nz",
        "internet_access": "yes",
        "name": "YHA Annies Nirwana Lodge",
        "ref:linz:address_id": "296469",
        "tourism": "hostel"
      },
      "geometry": {
        "type": "Point",
        "coordinates": [
          172.8077706,
          -40.8595122
        ]
      },
      "id": "node/5625896823"
    },
    {
      "type": "Feature",
      "properties": {
        "@id": "node/5629569423",
        "addr:housenumber": "7",
        "addr:postcode": "5011",
        "addr:street": "St Ronans Avenue",
        "internet_access": "wlan",
        "name": "Ronans Rest Parking Pad",
        "opening_hours": "24/7",
        "tourism": "hostel"
      },
      "geometry": {
        "type": "Point",
        "coordinates": [
          174.9271933,
          -41.2159452
        ]
      },
      "id": "node/5629569423"
    },
    {
      "type": "Feature",
      "properties": {
        "@id": "node/5638901083",
        "addr:city": "Wellington",
        "addr:housenumber": "8",
        "addr:street": "Halswell Street",
        "addr:suburb": "Thorndon",
        "contact:facebook": "https://www.facebook.com/thedwellington/",
        "description": "free wifi, food and tea, shared kitchen and movie room. Building access via code, room access via rfid.",
        "email": "thedwellington@gmail.com",
        "internet_access": "wlan",
        "name": "The Dwellington",
        "phone": "+64 4 550 9373",
        "ref:linz:address_id": "363624",
        "tourism": "hostel",
        "wikidata": "Q111117162"
      },
      "geometry": {
        "type": "Point",
        "coordinates": [
          174.7793464,
          -41.2733734
        ]
      },
      "id": "node/5638901083"
    },
    {
      "type": "Feature",
      "properties": {
        "@id": "node/5648456638",
        "addr:housenumber": "71",
        "addr:postcode": "7201",
        "addr:street": "Budge Street",
        "addr:suburb": "Riversdale",
        "internet_access": "wlan",
        "name": "Cherry Backpackers",
        "opening_hours": "24/7",
        "ref:linz:address_id": "340086",
        "tourism": "hostel"
      },
      "geometry": {
        "type": "Point",
        "coordinates": [
          173.9652707,
          -41.5038972
        ]
      },
      "id": "node/5648456638"
    },
    {
      "type": "Feature",
      "properties": {
        "@id": "node/5719876122",
        "addr:housenumber": "92",
        "addr:postcode": "RD1",
        "addr:street": "Te Wahapu Road",
        "name": "Wainui Lodge",
        "tourism": "hostel"
      },
      "geometry": {
        "type": "Point",
        "coordinates": [
          174.1338298,
          -35.2903032
        ]
      },
      "id": "node/5719876122"
    },
    {
      "type": "Feature",
      "properties": {
        "@id": "node/5729456523",
        "addr:housenumber": "13-15",
        "addr:street": "Marion Street",
        "contact:facebook": "https://www.facebook.com/themarionhostel",
        "email": "themarionhostel@gmail.com",
        "internet_access": "wlan",
        "mobile": "+64 27 244 5964",
        "name": "The Marion",
        "opening_hours": "Mo-Su 14:00-21:30",
        "tourism": "hostel",
        "website": "https://www.themarionhostel.com",
        "wikidata": "Q111117159"
      },
      "geometry": {
        "type": "Point",
        "coordinates": [
          174.7766114,
          -41.2942232
        ]
      },
      "id": "node/5729456523"
    },
    {
      "type": "Feature",
      "properties": {
        "@id": "node/5927909916",
        "addr:housenumber": "118-120",
        "addr:street": "Wakefield Street",
        "check_date": "2025-01-01",
        "name": "Nomads Capital Hostel Wellington",
        "tourism": "hostel",
        "website": "https://nomadsworld.com/new-zealand/nomads-wellington/"
      },
      "geometry": {
        "type": "Point",
        "coordinates": [
          174.7769071,
          -41.2896929
        ]
      },
      "id": "node/5927909916"
    },
    {
      "type": "Feature",
      "properties": {
        "@id": "node/6044117185",
        "addr:housenumber": "405",
        "addr:postcode": "4122",
        "addr:street": "Saint Aubyn Street West",
        "name": "Home stay",
        "name:en": "Home stay",
        "tourism": "hostel"
      },
      "geometry": {
        "type": "Point",
        "coordinates": [
          176.8430928,
          -39.6364345
        ]
      },
      "id": "node/6044117185"
    },
    {
      "type": "Feature",
      "properties": {
        "@id": "node/6044117788",
        "addr:housenumber": "2",
        "addr:street": "Drake Crescent",
        "name": "Airbnb-Caitlin",
        "name:en": "Airbnb-Caitlin",
        "tourism": "hostel"
      },
      "geometry": {
        "type": "Point",
        "coordinates": [
          176.9149772,
          -39.5265788
        ]
      },
      "id": "node/6044117788"
    },
    {
      "type": "Feature",
      "properties": {
        "@id": "node/6044117790",
        "name": "W.S.1",
        "tourism": "hostel"
      },
      "geometry": {
        "type": "Point",
        "coordinates": [
          174.90599,
          -36.900985
        ]
      },
      "id": "node/6044117790"
    },
    {
      "type": "Feature",
      "properties": {
        "@id": "node/6044121085",
        "addr:housenumber": "707",
        "addr:street": "Saint Aubyn Street West",
        "mobile": "+64 210 303 991",
        "name": "Vivienne",
        "tourism": "hostel"
      },
      "geometry": {
        "type": "Point",
        "coordinates": [
          176.8384941,
          -39.6321731
        ]
      },
      "id": "node/6044121085"
    },
    {
      "type": "Feature",
      "properties": {
        "@id": "node/6118194585",
        "name": "Green Wave Raglan. Surf & Stay",
        "tourism": "hostel"
      },
      "geometry": {
        "type": "Point",
        "coordinates": [
          174.9746511,
          -37.8272619
        ]
      },
      "id": "node/6118194585"
    },
    {
      "type": "Feature",
      "properties": {
        "@id": "node/6131423757",
        "name": "YHA Oamaru",
        "tourism": "hostel"
      },
      "geometry": {
        "type": "Point",
        "coordinates": [
          170.9655304,
          -45.0978966
        ]
      },
      "id": "node/6131423757"
    },
    {
      "type": "Feature",
      "properties": {
        "@id": "node/6169999204",
        "name": "Oxford Queenette Backpackers",
        "tourism": "hostel"
      },
      "geometry": {
        "type": "Point",
        "coordinates": [
          172.1945119,
          -43.2979022
        ]
      },
      "id": "node/6169999204"
    },
    {
      "type": "Feature",
      "properties": {
        "@id": "node/6225283301",
        "internet_access": "yes",
        "name": "Nomads Queenstown Hostel",
        "operator": "Nomads",
        "tourism": "hostel",
        "website": "https://nomadsworld.com/new-zealand/nomads-queenstown/"
      },
      "geometry": {
        "type": "Point",
        "coordinates": [
          168.6617728,
          -45.0324637
        ]
      },
      "id": "node/6225283301"
    },
    {
      "type": "Feature",
      "properties": {
        "@id": "node/6252778986",
        "name": "orange house",
        "tourism": "hostel"
      },
      "geometry": {
        "type": "Point",
        "coordinates": [
          176.8397191,
          -39.6308536
        ]
      },
      "id": "node/6252778986"
    },
    {
      "type": "Feature",
      "properties": {
        "@id": "node/6292362586",
        "name": "Point Break Backpackers",
        "opening_hours": "Mo-Sa 08:00-19:00; Su,PH 09:00-18:00",
        "tourism": "hostel",
        "wikidata": "Q111869867"
      },
      "geometry": {
        "type": "Point",
        "coordinates": [
          172.727093,
          -43.5081011
        ]
      },
      "id": "node/6292362586"
    },
    {
      "type": "Feature",
      "properties": {
        "@id": "node/6344428983",
        "addr:housenumber": "11",
        "addr:street": "Gorge Road",
        "name": "Aspen Lodge Backpackers",
        "opening_hours": "Mo-Su 08:30-18:00",
        "tourism": "hostel",
        "website": "www.aspenlodge.co.nz"
      },
      "geometry": {
        "type": "Point",
        "coordinates": [
          168.661955,
          -45.0285299
        ]
      },
      "id": "node/6344428983"
    },
    {
      "type": "Feature",
      "properties": {
        "@id": "node/6344430530",
        "addr:housenumber": "13",
        "addr:street": "Gorge Road",
        "name": "Alpine Lodge",
        "tourism": "hostel",
        "website": "https://www.alpinelodgequeenstown.co.nz"
      },
      "geometry": {
        "type": "Point",
        "coordinates": [
          168.661748,
          -45.0283315
        ]
      },
      "id": "node/6344430530"
    },
    {
      "type": "Feature",
      "properties": {
        "@id": "node/6357367124",
        "brand": "Jucy Snooze",
        "email": "hi_queenstown@lylo.com",
        "internet_access": "yes",
        "internet_access:fee": "customers",
        "level": "0;1;2;3:4",
        "name": "Lylo Queenstown",
        "opening_hours:reception": "24/7",
        "phone": "+64 3 927 4204",
        "tourism": "hostel",
        "website": "https://www.lylo.com/queenstown/"
      },
      "geometry": {
        "type": "Point",
        "coordinates": [
          168.6600965,
          -45.030337
        ]
      },
      "id": "node/6357367124"
    },
    {
      "type": "Feature",
      "properties": {
        "@id": "node/6794196402",
        "addr:housenumber": "41",
        "addr:street": "Leslie Avenue",
        "addr:suburb": "Morningside",
        "email": "sandringhamlodge@gmail.com",
        "name": "Sandringham Lodge",
        "phone": "+64 9 815 0300",
        "smoking": "yes",
        "tourism": "hostel",
        "website": "https://www.sandringhamlodge.co.nz"
      },
      "geometry": {
        "type": "Point",
        "coordinates": [
          174.736539,
          -36.877577
        ]
      },
      "id": "node/6794196402"
    },
    {
      "type": "Feature",
      "properties": {
        "@id": "node/6794209999",
        "addr:housenumber": "41B",
        "addr:street": "Leslie Avenue",
        "addr:suburb": "Morningside",
        "email": "manager@5centralroad.co.nz",
        "name": "Morningside Lodge",
        "phone": "+64 27 733 3315",
        "tourism": "hostel",
        "website": "https://www.aucklandliving.co.nz/"
      },
      "geometry": {
        "type": "Point",
        "coordinates": [
          174.7358939,
          -36.8776145
        ]
      },
      "id": "node/6794209999"
    },
    {
      "type": "Feature",
      "properties": {
        "@id": "node/6818837885",
        "name": "Kohutapu Lodge & Tribal Tours",
        "tourism": "hostel"
      },
      "geometry": {
        "type": "Point",
        "coordinates": [
          176.7926643,
          -38.3261471
        ]
      },
      "id": "node/6818837885"
    },
    {
      "type": "Feature",
      "properties": {
        "@id": "node/7037319585",
        "addr:housenumber": "125",
        "addr:postcode": "7010",
        "addr:street": "Tasman Street",
        "email": "honeysucklehouse@nettel.net.nz",
        "internet_access": "wlan",
        "name": "Honeysuckle House Backpackers",
        "phone": "+64 3 548 7576",
        "tourism": "hostel",
        "website": "https://honeysucklehouse.weebly.com"
      },
      "geometry": {
        "type": "Point",
        "coordinates": [
          173.2916573,
          -41.2759356
        ]
      },
      "id": "node/7037319585"
    },
    {
      "type": "Feature",
      "properties": {
        "@id": "node/7168852402",
        "name": "Compass Accommodation",
        "tourism": "hostel"
      },
      "geometry": {
        "type": "Point",
        "coordinates": [
          174.6974005,
          -36.8977346
        ]
      },
      "id": "node/7168852402"
    },
    {
      "type": "Feature",
      "properties": {
        "@id": "node/7277709134",
        "name": "OnTopBackpackers",
        "tourism": "hostel"
      },
      "geometry": {
        "type": "Point",
        "coordinates": [
          170.5027868,
          -45.8722955
        ]
      },
      "id": "node/7277709134"
    },
    {
      "type": "Feature",
      "properties": {
        "@id": "node/7368638230",
        "addr:housenumber": "8",
        "addr:street": "Lampard Street",
        "email": "info@mthuttbunkhouse.co.nz",
        "mobile": "+64 27 346 4968",
        "name": "Mt Hutt Bunkhouse",
        "phone": "+64 3 302 8894",
        "tourism": "hostel",
        "website": "https://mthuttbunkhouse.co.nz/contact-us/"
      },
      "geometry": {
        "type": "Point",
        "coordinates": [
          171.6465792,
          -43.6303784
        ]
      },
      "id": "node/7368638230"
    },
    {
      "type": "Feature",
      "properties": {
        "@id": "node/7972613607",
        "name": "Ohakune Central Backpackers",
        "tourism": "hostel"
      },
      "geometry": {
        "type": "Point",
        "coordinates": [
          175.395505,
          -39.4169865
        ]
      },
      "id": "node/7972613607"
    },
    {
      "type": "Feature",
      "properties": {
        "@id": "node/8162909260",
        "addr:housenumber": "2000",
        "addr:street": "State Highway 2",
        "description": "Hostel/Backpackers for travelers who want to work in kiwi fruit orchard",
        "name": "Riverview Lodge Backpackers",
        "tourism": "hostel"
      },
      "geometry": {
        "type": "Point",
        "coordinates": [
          177.2689265,
          -38.0122759
        ]
      },
      "id": "node/8162909260"
    },
    {
      "type": "Feature",
      "properties": {
        "@id": "node/8534555409",
        "addr:housenumber": "13001",
        "addr:street": "Whanganui River",
        "addr:suburb": "Parinui",
        "addr:type": "water",
        "name": "Bridge to Nowhere Lodge",
        "ref:linz:address_id": "2012377",
        "tourism": "hostel",
        "website": "https://www.bridgetonowhere.co.nz/lodge/"
      },
      "geometry": {
        "type": "Point",
        "coordinates": [
          174.9901903,
          -39.3367739
        ]
      },
      "id": "node/8534555409"
    },
    {
      "type": "Feature",
      "properties": {
        "@id": "node/8811466976",
        "guest_house": "backpackers",
        "name": "Fletcher Bay Backpackers",
        "operator": "Department of Conservation",
        "tourism": "hostel",
        "website": "https://www.doc.govt.nz/parks-and-recreation/places-to-go/coromandel/places/northern-coromandel/things-to-do/fletcher-bay-backpackers/"
      },
      "geometry": {
        "type": "Point",
        "coordinates": [
          175.3895924,
          -36.4791781
        ]
      },
      "id": "node/8811466976"
    },
    {
      "type": "Feature",
      "properties": {
        "@id": "node/8907233498",
        "check_date": "2026-09-12",
        "name": "Hotel Give",
        "tourism": "hostel",
        "website": "https://hotelgive.nz/",
        "wikidata": "Q111117329"
      },
      "geometry": {
        "type": "Point",
        "coordinates": [
          172.6278755,
          -43.5323648
        ]
      },
      "id": "node/8907233498"
    },
    {
      "type": "Feature",
      "properties": {
        "@id": "node/8912997535",
        "brand": "Haka House",
        "check_date": "2026-04-26",
        "email": "auckland@hakalodge.com",
        "guest_house": "hostel",
        "internet_access": "wlan",
        "internet_access:fee": "customers",
        "name": "Haka House K' Road",
        "payment:cash": "yes",
        "payment:credit_cards": "yes",
        "payment:debit_cards": "yes",
        "phone": "+64 9 956 7504",
        "reservation": "yes",
        "smoking": "no",
        "tourism": "hostel",
        "website": "https://hakahouse.com",
        "wikidata": "Q111118691"
      },
      "geometry": {
        "type": "Point",
        "coordinates": [
          174.7565965,
          -36.8579074
        ]
      },
      "id": "node/8912997535"
    },
    {
      "type": "Feature",
      "properties": {
        "@id": "node/9452072213",
        "name": "Cookhouse",
        "tourism": "hostel"
      },
      "geometry": {
        "type": "Point",
        "coordinates": [
          172.5638795,
          -42.7614121
        ]
      },
      "id": "node/9452072213"
    },
    {
      "type": "Feature",
      "properties": {
        "@id": "node/9863014618",
        "addr:housenumber": "102",
        "addr:postcode": "1010",
        "addr:street": "Albert Street",
        "name": "Surf N Snow Backpackers",
        "tourism": "hostel",
        "wikidata": "Q111118690"
      },
      "geometry": {
        "type": "Point",
        "coordinates": [
          174.7637607,
          -36.8484093
        ]
      },
      "id": "node/9863014618"
    },
    {
      "type": "Feature",
      "properties": {
        "@id": "node/10160874272",
        "guest_house": "hostel",
        "name": "Rock Solid Backpackers Rotorua NZ",
        "tourism": "hostel",
        "website": "https://www.rocksolidrotorua.co.nz/",
        "wikidata": "Q111116456"
      },
      "geometry": {
        "type": "Point",
        "coordinates": [
          176.2524582,
          -38.1380298
        ]
      },
      "id": "node/10160874272"
    },
    {
      "type": "Feature",
      "properties": {
        "@id": "node/10220907517",
        "addr:housenumber": "20",
        "addr:postcode": "0478",
        "addr:street": "Leigh Street",
        "email": "Jitsabbi@yahoo.co.nz",
        "internet_access": "wlan",
        "name": "Sabbi's Backpackers",
        "opening_hours": "Mo-Su 14:00-22:00",
        "phone": "+64 9 405 0828",
        "tourism": "hostel",
        "website": "https://abnb.me/K4DoJJg1hvb"
      },
      "geometry": {
        "type": "Point",
        "coordinates": [
          173.779733,
          -35.1000514
        ]
      },
      "id": "node/10220907517"
    },
    {
      "type": "Feature",
      "properties": {
        "@id": "node/10233701217",
        "addr:housenumber": "15",
        "addr:postcode": "0200",
        "addr:street": "Kings Road",
        "email": "info@peppertree.co.nz",
        "internet_access": "wlan",
        "name": "Peppertree Lodge",
        "opening_hours": "Mo-Su 09:00-18:00",
        "phone": "+64 9 402 6122",
        "tourism": "hostel",
        "website": "https://peppertree.co.nz/"
      },
      "geometry": {
        "type": "Point",
        "coordinates": [
          174.09429,
          -35.2856575
        ]
      },
      "id": "node/10233701217"
    },
    {
      "type": "Feature",
      "properties": {
        "@id": "node/10288950637",
        "mobile": "+64 21 203 1658",
        "name": "Riverside Hostel",
        "tourism": "hostel",
        "website": "https://www.riverside.org.nz/hostel"
      },
      "geometry": {
        "type": "Point",
        "coordinates": [
          172.995615,
          -41.163903
        ]
      },
      "id": "node/10288950637"
    },
    {
      "type": "Feature",
      "properties": {
        "@id": "node/10701363205",
        "addr:city": "Wellington",
        "addr:housenumber": "292",
        "addr:postcode": "6011",
        "addr:street": "Wakefield Street",
        "air_conditioning": "yes",
        "branch": "Wellington",
        "brand": "Haka House Hostels",
        "check_date": "2026-04-07",
        "guest_house": "hostel",
        "internet_access": "wlan",
        "internet_access:fee": "customers",
        "mobile": "+64 21 223 5341",
        "name": "Haka House Hostel",
        "payment:cash": "yes",
        "payment:credit_cards": "yes",
        "payment:debit_cards": "yes",
        "tourism": "hostel",
        "website": "https://hakahouse.com",
        "wheelchair": "yes"
      },
      "geometry": {
        "type": "Point",
        "coordinates": [
          174.7839102,
          -41.293133
        ]
      },
      "id": "node/10701363205"
    },
    {
      "type": "Feature",
      "properties": {
        "@id": "node/10806982405",
        "addr:housenumber": "88",
        "addr:street": "Otaipango Road",
        "name": "North Wind Lodge Backpacker - BBH",
        "tourism": "hostel",
        "website": "https://www.bbh.co.nz/hd3/North-Wind-Lodge-Backpacker-Backpackers-in-Henderson-Bay-New-Zealand.html"
      },
      "geometry": {
        "type": "Point",
        "coordinates": [
          173.1066266,
          -34.7370085
        ]
      },
      "id": "node/10806982405"
    },
    {
      "type": "Feature",
      "properties": {
        "@id": "node/11007032691",
        "name": "Haka House",
        "tourism": "hostel",
        "website": "https://hakahouse.com/wanaka/"
      },
      "geometry": {
        "type": "Point",
        "coordinates": [
          169.1344726,
          -44.6982058
        ]
      },
      "id": "node/11007032691"
    },
    {
      "type": "Feature",
      "properties": {
        "@id": "node/11826812792",
        "addr:housenumber": "3700",
        "addr:street": "Kawhia Road",
        "beds": "95",
        "cooking": "yes",
        "description": "Guests provide their own bedding, pillow and towel.",
        "drinking_water": "yes",
        "email": "lodge@tekauri.org.nz",
        "name": "Te Kauri Lodge",
        "openfire": "no",
        "opening_hours": "Mo-Fr 09:00-17:00; Sa-Su 10:00-17:00",
        "phone": "+64 7 871 0625",
        "tents": "no",
        "tourism": "hostel",
        "washing_machine": "yes",
        "website": "https://www.tekauri.org.nz/"
      },
      "geometry": {
        "type": "Point",
        "coordinates": [
          174.9754085,
          -38.0750117
        ]
      },
      "id": "node/11826812792"
    },
    {
      "type": "Feature",
      "properties": {
        "@id": "node/11864346064",
        "addr:city": "Auckland",
        "addr:housenumber": "54",
        "addr:postcode": "1010",
        "addr:street": "Cook Street",
        "addr:suburb": "Auckland Central",
        "guest_house": "hostel",
        "name": "LyLo",
        "tourism": "hostel",
        "website": "https://www.lylo.com/auckland/"
      },
      "geometry": {
        "type": "Point",
        "coordinates": [
          174.7587991,
          -36.8515448
        ]
      },
      "id": "node/11864346064"
    },
    {
      "type": "Feature",
      "properties": {
        "@id": "node/11941622269",
        "internet_access": "wlan",
        "name": "The Flaming Kiwi Backpackers",
        "tourism": "hostel"
      },
      "geometry": {
        "type": "Point",
        "coordinates": [
          168.6605598,
          -45.0268496
        ]
      },
      "id": "node/11941622269"
    },
    {
      "type": "Feature",
      "properties": {
        "@id": "node/11982173068",
        "addr:housenumber": "50",
        "addr:street": "Lakefront Drive",
        "email": "stay@lakewoodlofts.co.nz",
        "name": "Lakewood Lofts by Lakefront Backpackers",
        "tourism": "hostel",
        "website": "https://www.lakewoodlofts.co.nz/"
      },
      "geometry": {
        "type": "Point",
        "coordinates": [
          167.715167,
          -45.4203138
        ]
      },
      "id": "node/11982173068"
    },
    {
      "type": "Feature",
      "properties": {
        "@id": "node/12221366582",
        "addr:city": "Te Anau",
        "addr:housenumber": "20",
        "addr:street": "Paton Place",
        "addr:suburb": "Te Anau",
        "contact:facebook": "https://www.facebook.com/p/Bob-and-Maxines-Backpackers-100064075572668/",
        "guest_house": "hostel",
        "internet_access": "wlan",
        "internet_access:fee": "customers",
        "mobile": "+64 21 224 0409",
        "name": "Bob & Maxine's Backpackers",
        "operator": "Bob & Maxine",
        "payment:cash": "yes",
        "payment:credit_cards": "yes",
        "phone": "+64 3 249 7429",
        "tourism": "hostel",
        "website": "https://www.bbh.co.nz/hd810/Bob-and-Maxines-Backpackers-in-Lake-Te-Anau-New-Zealand.html",
        "wheelchair": "limited"
      },
      "geometry": {
        "type": "Point",
        "coordinates": [
          167.7333201,
          -45.4100383
        ]
      },
      "id": "node/12221366582"
    },
    {
      "type": "Feature",
      "properties": {
        "@id": "node/12486074676",
        "addr:city": "Alexandra",
        "addr:housenumber": "99",
        "addr:postcode": "9320",
        "addr:street": "Russell Street",
        "name": "Dunstan Hostel",
        "tourism": "hostel"
      },
      "geometry": {
        "type": "Point",
        "coordinates": [
          169.3887853,
          -45.2413229
        ]
      },
      "id": "node/12486074676"
    },
    {
      "type": "Feature",
      "properties": {
        "@id": "node/12511068705",
        "addr:city": "Dunedin",
        "addr:housenumber": "6",
        "addr:postcode": "9016",
        "addr:street": "Stafford Street",
        "addr:suburb": "Dunedin Central",
        "name": "Geeky Gecko Backpackers",
        "tourism": "hostel"
      },
      "geometry": {
        "type": "Point",
        "coordinates": [
          170.5000997,
          -45.8793438
        ]
      },
      "id": "node/12511068705"
    },
    {
      "type": "Feature",
      "properties": {
        "@id": "node/12585431006",
        "addr:housenumber": "10",
        "addr:street": "Wellesley Street East",
        "name": "Backpacker",
        "phone": "+64 9 302 0888",
        "tourism": "hostel"
      },
      "geometry": {
        "type": "Point",
        "coordinates": [
          174.7649399,
          -36.8508793
        ]
      },
      "id": "node/12585431006"
    },
    {
      "type": "Feature",
      "properties": {
        "@id": "node/12599993601",
        "addr:postcode": "6011",
        "name": "Worldwide Backpackers",
        "tourism": "hostel"
      },
      "geometry": {
        "type": "Point",
        "coordinates": [
          174.771081,
          -41.2911921
        ]
      },
      "id": "node/12599993601"
    },
    {
      "type": "Feature",
      "properties": {
        "@id": "node/12632591056",
        "addr:housenumber": "10",
        "addr:postcode": "7010",
        "addr:street": "Weka Street",
        "air_conditioning": "no",
        "check_date": "2025-03-04",
        "contact:facebook": "https://www.facebook.com/tasmanbaybackpackers",
        "email": "stay@tasmanbaybackpackers.co.nz",
        "guest_house": "hostel",
        "internet_access": "wlan",
        "internet_access:fee": "customers",
        "name": "Tasman Bay Backpackers",
        "opening_hours": "08:30-12:30,15:30-20:00 || off \"Office Closed\"",
        "payment:credit_cards": "yes",
        "payment:debit_cards": "yes",
        "phone": "+64 3 548 7950",
        "reservation": "yes",
        "smoking": "outside",
        "tourism": "hostel",
        "website": "https://www.tasmanbaybackpackers.co.nz/",
        "wheelchair": "limited",
        "wikidata": "Q111117368"
      },
      "geometry": {
        "type": "Point",
        "coordinates": [
          173.2884378,
          -41.2665838
        ]
      },
      "id": "node/12632591056"
    },
    {
      "type": "Feature",
      "properties": {
        "@id": "node/13299146017",
        "branch": "Auckland",
        "brand": "JO&JOE",
        "brand:wikidata": "Q84600897",
        "name": "JO&JOE",
        "official_name": "JO&JOE Auckland",
        "opening_hours": "Mo-Su 07:00-23:00",
        "tourism": "hostel",
        "website": "https://joandjoe.com/auckland/en/"
      },
      "geometry": {
        "type": "Point",
        "coordinates": [
          174.7674005,
          -36.8459646
        ]
      },
      "id": "node/13299146017"
    },
    {
      "type": "Feature",
      "properties": {
        "@id": "node/13352619501",
        "name": "Anakiwa 401 - Self-catering Guesthouse",
        "tourism": "hostel"
      },
      "geometry": {
        "type": "Point",
        "coordinates": [
          173.9207453,
          -41.263762
        ]
      },
      "id": "node/13352619501"
    },
    {
      "type": "Feature",
      "properties": {
        "@id": "node/13366145801",
        "name": "Braemar house",
        "tourism": "hostel"
      },
      "geometry": {
        "type": "Point",
        "coordinates": [
          175.0510105,
          -39.9234343
        ]
      },
      "id": "node/13366145801"
    },
    {
      "type": "Feature",
      "properties": {
        "@id": "node/13385773901",
        "addr:street": "Kawhia Road",
        "name": "Joe's funny farm",
        "phone": "+64 22 013 5713",
        "tourism": "hostel"
      },
      "geometry": {
        "type": "Point",
        "coordinates": [
          175.0491742,
          -38.0859222
        ]
      },
      "id": "node/13385773901"
    },
    {
      "type": "Feature",
      "properties": {
        "@id": "node/13432061099",
        "name": "Sun & Sand Hostel",
        "tourism": "hostel"
      },
      "geometry": {
        "type": "Point",
        "coordinates": [
          174.8781199,
          -41.2260147
        ]
      },
      "id": "node/13432061099"
    },
    {
      "type": "Feature",
      "properties": {
        "@id": "node/13471652001",
        "addr:housenumber": "2",
        "addr:postcode": "7873",
        "addr:street": "Webb Street",
        "email": "punakaikibeachhostel@gmail.com",
        "internet_access": "wlan",
        "name": "Punakaiki Beach Hostel",
        "opening_hours": "24/7",
        "phone": "+64 3 731 1852",
        "tourism": "hostel",
        "website": "https://www.punakaikibeachhostel.co.nz/"
      },
      "geometry": {
        "type": "Point",
        "coordinates": [
          171.3350168,
          -42.1082053
        ]
      },
      "id": "node/13471652001"
    },
    {
      "type": "Feature",
      "properties": {
        "@id": "node/13471652101",
        "addr:housenumber": "36",
        "addr:postcode": "8013",
        "addr:street": "Hereford Street",
        "internet_access": "wlan",
        "name": "Haka House Christchurch",
        "opening_hours": "24/7",
        "tourism": "hostel",
        "website": "https://hakahouse.com/"
      },
      "geometry": {
        "type": "Point",
        "coordinates": [
          172.6298634,
          -43.5323885
        ]
      },
      "id": "node/13471652101"
    },
    {
      "type": "Feature",
      "properties": {
        "@id": "node/13671202935",
        "name": "Utopia31",
        "tourism": "hostel",
        "website": "https://utopia31.co.nz/"
      },
      "geometry": {
        "type": "Point",
        "coordinates": [
          174.7664399,
          -36.8495609
        ]
      },
      "id": "node/13671202935"
    },
    {
      "type": "Feature",
      "properties": {
        "@id": "node/13694350101",
        "addr:housenumber": "35",
        "addr:street": "Moa Street",
        "name": "Railway Lodge",
        "tourism": "hostel"
      },
      "geometry": {
        "type": "Point",
        "coordinates": [
          174.8386083,
          -36.9435633
        ]
      },
      "id": "node/13694350101"
    },
    {
      "type": "Feature",
      "properties": {
        "@id": "node/13706476929",
        "name": "Freeman Backpackers Lodge",
        "tourism": "hostel"
      },
      "geometry": {
        "type": "Point",
        "coordinates": [
          174.7541108,
          -36.8526475
        ]
      },
      "id": "node/13706476929"
    },
    {
      "type": "Feature",
      "properties": {
        "@id": "node/13710145161",
        "addr:city": "Te Karaka",
        "addr:housenumber": "1257",
        "addr:postcode": "4092",
        "addr:street": "Makaretu Road",
        "name": "Haurata Backpacker",
        "tourism": "hostel",
        "website": "https://haurata.wordpress.com/",
        "wikidata": "Q111124628"
      },
      "geometry": {
        "type": "Point",
        "coordinates": [
          177.5746178,
          -38.4927873
        ]
      },
      "id": "node/13710145161"
    },
    {
      "type": "Feature",
      "properties": {
        "@id": "node/13772930013",
        "addr:housenumber": "11",
        "addr:street": "Princes Street",
        "phone": "+64 9 276 8151",
        "tourism": "hostel"
      },
      "geometry": {
        "type": "Point",
        "coordinates": [
          174.8421358,
          -36.9410535
        ]
      },
      "id": "node/13772930013"
    },
    {
      "type": "Feature",
      "properties": {
        "@id": "node/13772930111",
        "addr:housenumber": "32B",
        "addr:street": "Great South Road",
        "name": "Gt South Lodge - Quality Budget Accom",
        "phone": "+64 9 276 7980;+64 27 301 1170",
        "tourism": "hostel"
      },
      "geometry": {
        "type": "Point",
        "coordinates": [
          174.8375598,
          -36.937476
        ]
      },
      "id": "node/13772930111"
    },
    {
      "type": "Feature",
      "properties": {
        "@id": "node/13773205201",
        "addr:housenumber": "322",
        "addr:street": "Karangahape Road",
        "name": "Rooms for rent",
        "phone": "+64 27 319 5932",
        "tourism": "hostel"
      },
      "geometry": {
        "type": "Point",
        "coordinates": [
          174.757612,
          -36.8579011
        ]
      },
      "id": "node/13773205201"
    },
    {
      "type": "Feature",
      "properties": {
        "@id": "node/13785504907",
        "addr:housenumber": "L1/9",
        "addr:street": "Station Road",
        "name": "The Station Accommodation",
        "phone": "+64 9 270 0462",
        "tourism": "hostel"
      },
      "geometry": {
        "type": "Point",
        "coordinates": [
          174.8410972,
          -36.9422536
        ]
      },
      "id": "node/13785504907"
    },
    {
      "type": "Feature",
      "properties": {
        "@id": "node/13799936602",
        "addr:housenumber": "562",
        "addr:street": "Great South Road",
        "name": "Monument Lodge",
        "phone": "+64 22 453 8523",
        "tourism": "hostel"
      },
      "geometry": {
        "type": "Point",
        "coordinates": [
          174.8454025,
          -36.9504167
        ]
      },
      "id": "node/13799936602"
    },
    {
      "type": "Feature",
      "properties": {
        "@id": "node/13807350103",
        "addr:housenumber": "L 1 / 239",
        "addr:street": "Onehunga Mall",
        "name": "Onehunga Suites",
        "tourism": "hostel"
      },
      "geometry": {
        "type": "Point",
        "coordinates": [
          174.7853112,
          -36.9214491
        ]
      },
      "id": "node/13807350103"
    },
    {
      "type": "Feature",
      "properties": {
        "@id": "node/13807380501",
        "addr:housenumber": "L 1 / 202",
        "addr:street": "Onehunga Mall",
        "name": "Scottys",
        "phone": "+64 21 873 385",
        "tourism": "hostel",
        "website": "http://scottys.co.nz"
      },
      "geometry": {
        "type": "Point",
        "coordinates": [
          174.7850917,
          -36.9220399
        ]
      },
      "id": "node/13807380501"
    },
    {
      "type": "Feature",
      "properties": {
        "@id": "node/13809975406",
        "addr:street": "Eric Baker Place",
        "internet_access": "wlan",
        "name": "Bakers Lodge",
        "opening_hours": "Mo-Su 10:00-18:30",
        "phone": "+64 21 229 9156",
        "tourism": "hostel"
      },
      "geometry": {
        "type": "Point",
        "coordinates": [
          174.8591534,
          -36.9690327
        ]
      },
      "id": "node/13809975406"
    },
    {
      "type": "Feature",
      "properties": {
        "@id": "node/13809975501",
        "addr:housenumber": "178",
        "addr:street": "Kolmar Road",
        "email": "support@charlton.co.nz",
        "name": "Kōwhai on Kolmar",
        "phone": "0800 262 7376",
        "tourism": "hostel"
      },
      "geometry": {
        "type": "Point",
        "coordinates": [
          174.8598215,
          -36.969703
        ]
      },
      "id": "node/13809975501"
    },
    {
      "type": "Feature",
      "properties": {
        "@id": "node/13826182701",
        "addr:housenumber": "2",
        "addr:street": "Ponsonby Terrace",
        "name": "Awatea",
        "phone": "+64 21 231 14382",
        "tourism": "hostel"
      },
      "geometry": {
        "type": "Point",
        "coordinates": [
          174.7435956,
          -36.850122
        ]
      },
      "id": "node/13826182701"
    }
  ]
}